Country Name,year,Agricultural land (% of land area),Agricultural water withdrawal as % of total renewable water resources,"Agriculture, forestry, and fishing, value added (% of GDP)","Agriculture, forestry, and fishing, value added (current US$)",Fertilizer consumption (kilograms per hectare of arable land),Forest area (% of land area),Permanent cropland (% of land area)
Africa,1960,,,41.037114192255125,5039079701.95147,,,
Africa,1961,38.32946704365597,,40.11299024261267,5342556327.174843,13.319788909278934,,2.268256263862123
Africa,1962,38.41096280836087,,40.146120381882376,5374348601.485703,14.274207483989736,,2.290588425938648
Africa,1963,38.49999405062139,,40.67923732933174,5750808937.856503,15.763321767621411,,2.307902040600025
Africa,1964,38.61142240838024,,38.59969984219168,6097494802.985632,16.54201623905075,,2.3329439066409794
Africa,1965,38.753538995796696,,36.713013797087534,8359605913.494285,16.29499038749122,,2.3757053744870675
Africa,1966,38.80188866790096,,34.93123290600459,8791882085.993256,13.928465220251685,,2.395184050025464
Africa,1967,38.9485695028766,,34.666379444675314,9215525633.628893,15.573518088984642,,2.4155792092572845
Africa,1968,39.07982178393521,,33.56556491055527,9469989032.923368,15.310819434605058,,2.426917243334025
Africa,1969,39.283135553653885,,32.736498679763216,10116544320.37947,16.248688362332018,,2.4635479779393727
Africa,1970,39.30692366312338,0.238623646,33.509945566036414,11169345453.356129,17.937052010631085,,2.522908337426639
Africa,1971,39.39214875660065,0.2533330175,32.852359033222065,12199307719.049942,19.14136260236983,,2.561324901964809
Africa,1972,39.54693422249801,0.2680423885,33.69370398367386,13738770355.36611,21.58957449085364,,2.591988519951548
Africa,1973,39.694639182899074,0.28275176,33.90848043997964,17069410765.389978,19.06669748612898,,2.6446861030647675
Africa,1974,39.84968665430405,3.552239324666667,32.391562716376455,19977239878.545097,19.34774453862321,,2.6777066155079376
Africa,1975,39.78698651454048,3.562045572,32.46864954430464,22627700561.9926,19.54742985334934,,2.7231767367681807
Africa,1976,39.96243086422931,3.699798110666667,31.27993268002293,23733033077.82513,48.39734109110874,,2.7513409085791807
Africa,1977,40.05588992261146,3.8375506493333336,31.84306326799246,27222877138.564934,50.48869586767707,,2.8016665782049475
Africa,1978,40.224018821201724,3.975303188,30.67947833774945,29804153200.759872,55.8869102382824,,2.868498296615687
Africa,1979,40.1899958106676,4.113055726333333,29.92409536538173,32769566767.871605,66.17313513448677,,2.874698251557567
Africa,1980,40.14517063541076,8.521100570166666,27.86000834458068,35797127251.78503,51.52021202303391,,2.8926701717349026
Africa,1981,40.27148156837955,9.024520070166666,27.76483727202629,59864226933.53002,28.38034806153299,,2.949776346633919
Africa,1982,40.3792026247256,9.527939570166666,26.93735117547925,57380971445.25935,48.61776631765151,,2.93962837122915
Africa,1983,40.46001934886665,10.031359070333332,26.276999820477783,51368217985.7515,38.80693007787138,,2.9879588869114064
Africa,1984,40.580343722584445,9.713998418285714,25.752032976694863,50177762992.42159,27.035177832833643,,3.032175229960042
Africa,1985,40.77386106540349,29.686854891583334,26.425956909309125,51841389515.777374,28.73890499167893,,3.0792204629426383
Africa,1986,40.927656643960624,35.28088944541667,25.98657458916204,55249463591.51378,31.12611670355668,,3.109379656000586
Africa,1987,41.03072438451429,17.55471624003448,26.66983509539462,62471087168.707886,32.24464524322373,,3.1748246781701583
Africa,1988,41.12785860182592,19.329716606633333,27.12854634977656,66470360442.9862,29.636626946714745,,3.195820504681916
Africa,1989,41.10178113433328,21.65115660896667,26.305982721456267,67078640353.05295,29.20398431196194,,3.188489990558946
Africa,1990,41.15708207244542,23.341988162666667,25.469334321414944,79488987103.75412,28.432253124929566,33.05136430858825,3.157312211524531
Africa,1991,41.27773545391606,22.55328106275676,24.786505646277632,87575406794.31926,29.10429481025361,32.90224496322975,3.1169942065131453
Africa,1992,41.34907955850868,21.29254560917949,24.24399215679444,67560242048.52309,27.17340221925511,32.75312561787125,3.128753442546377
Africa,1993,41.90130886303454,21.081441337179488,24.57187688811248,69008240285.53873,27.84065923021486,31.93332086370705,3.107046582210496
Africa,1994,41.88162108756324,20.46562146255,24.512519778744338,76835649278.57416,25.84324015020795,31.78793135607941,3.100586592148006
Africa,1995,42.088800591737474,20.267243793575,24.29197655795872,100143911222.98862,28.40357326468752,31.64254186082997,3.1129987493412874
Africa,1996,42.27641168629832,20.0917285055,24.434147336655112,119979735947.95486,30.11787708723408,31.49715235320233,3.164807052339241
Africa,1997,42.44285021451413,19.91371715415,23.90619991413791,127819547051.8872,28.823198210386465,31.35176284557468,3.179633792590614
Africa,1998,42.64764740949795,19.73570580265,24.39476959684795,135153825701.73102,28.303760809553783,31.20637333794704,3.2835729050879574
Africa,1999,43.0269873116458,19.09023035897561,23.11472122942232,92126422055.54218,28.892119516715663,31.0609838303194,3.401493992206416
Africa,2000,43.21339152576275,18.1493202895814,22.5600112190617,91638766301.25902,30.592858095353105,30.91559432269175,3.479319520590117
Africa,2001,43.4321718391334,18.656934226860468,22.18205492507547,93481319214.22786,28.583722407489297,30.77493972152253,3.4745327234812104
Africa,2002,43.62303787423654,18.76275713059091,21.664953580511696,113284530394.27808,31.168753547207743,30.6342851203533,3.5016474320858384
Africa,2003,43.83838577812216,19.136428245977275,21.23984408744048,124624969045.97514,28.65778922809061,30.49363051918408,3.5284641678429165
Africa,2004,43.64743982018562,19.473553885954544,20.684909113362423,134079799426.54443,32.004917506602446,30.278238639727263,3.580944263805598
Africa,2005,43.85315920261556,19.82740840315909,20.831496490226456,153010059303.16724,33.59392789748422,30.137780850632865,3.607717889615536
Africa,2006,43.98671771870989,20.26484649406818,19.635897871660912,181174319307.4365,30.814008158774488,29.997412854635293,3.655988069837398
Africa,2007,44.004523979307926,20.687918135477272,19.157250374832465,214085719582.43167,31.719662302417884,29.85697166593043,3.657730158543608
Africa,2008,44.40748236890718,21.216263085636363,19.036188801945904,261113218877.1157,29.15823247013157,29.71655797988508,3.699229189555307
Africa,2009,44.70166365471535,21.57354592252273,19.591219556513515,263532612405.2196,28.48289266066108,29.57614021567425,3.730224917562202
Africa,2010,44.87889752585839,22.02996626327273,19.030523580562026,283830426759.55115,29.293554272146835,29.434819134309148,3.703618993813441
Africa,2011,45.01588012809607,22.459512104840908,18.24632972526906,301945844782.8964,38.87422522514779,29.306097387132848,3.789967171162042
Africa,2012,45.48980751067038,23.45676476158696,18.443609817289463,320595320512.8554,40.47291647095252,28.49651637519448,3.717264709715644
Africa,2013,45.684699536063576,23.61853249754348,17.559978821144,343484418808.49493,38.94820314051636,28.365300541574022,3.755188338581399
Africa,2014,45.84426012667791,23.79970641197826,17.36520431348989,363778619962.4539,40.14215199925918,28.23406711432367,3.8610260971965737
Africa,2015,46.03376963059023,23.967915586282608,17.555280140233595,346811382124.9629,46.58076574560192,28.102735761870097,3.945555390528411
Africa,2016,46.22005725457707,23.6960301625532,17.62646413063943,325157377904.8516,43.14331719772813,27.96181611670266,3.9500083197855047
Africa,2017,46.40082969350525,23.6310364642766,17.88478906112242,327329694191.08307,48.47034769029224,27.825483552043185,4.016107170021193
Africa,2018,46.62901271569894,23.9055510962766,17.448905452556325,347945431417.56165,43.97840977039772,27.684176528556268,4.116644409211561
Africa,2019,46.67497627593019,24.047521846425536,17.156815777826615,371565708284.0907,50.20774981697369,27.540294926377943,4.1622469460666585
Africa,2020,46.83737780528253,24.254258628382978,18.10105778917864,394164918338.1178,44.131839428845495,27.39741406180271,4.2205313409480985
Africa,2021,47.03332385266263,24.176712911489364,17.751557627085226,418491726217.4252,44.351172111618034,27.253827564464952,4.308676505239135
Africa,2022,47.10698566263649,24.17179909129788,17.681170946286922,450109202255.0701,43.98362476536826,27.110673367781164,4.330730299031665
Africa,2023,,,17.48736385185787,444237088298.889,,,
Asia,1960,,,35.220903443012794,44167953292.41446,,,
Asia,1961,29.800204136382284,,39.034270420408205,49141065429.567314,82.30101743220128,,3.0392470290082154
Asia,1962,29.866961395939065,,37.30804319622019,50033458412.65925,68.45205054153072,,3.0374167041607945
Asia,1963,30.08531218349189,,37.1406819554221,56532920362.19857,62.43598702310335,,3.1071349539004967
Asia,1964,30.19594969473831,,36.23021781736037,63266138892.40205,61.479212837959565,,3.16814737303863
Asia,1965,30.287165294780607,,35.14474488179929,68074014518.20581,65.34782736342908,,3.194799165413207
Asia,1966,30.280470472400044,,34.86092845092593,67567010795.47401,67.82823146147436,,3.197037604717551
Asia,1967,30.399624536789872,,33.46260165376678,72631157396.25667,71.4835149332344,,3.243068143296116
Asia,1968,30.41736927454561,,29.27516763681376,76103358627.88782,88.93351291215768,,3.279805590151612
Asia,1969,30.42122367141015,,28.644630295645968,80969819455.23146,89.16629176997756,,3.296326134321242
Asia,1970,30.51752569958765,70.168539326,27.45868719390464,84163379594.68709,85.93232407141005,,3.2736275081945174
Asia,1971,30.36708230265222,70.08988764,26.42022768831493,86008127065.23138,112.53297843883814,,3.26485606929258
Asia,1972,30.69670041184802,70.011235955,26.97613217397332,92629538327.00854,98.15576052430504,,3.3055218695051085
Asia,1973,31.01138170782336,69.93258427,25.763370974317542,114360435598.87823,103.24625121780709,,3.4670857620768816
Asia,1974,30.73441631216996,69.853932584,24.626422897167792,133397435986.1242,110.11245315849666,,3.43375614958056
Asia,1975,30.36495645124599,32.066378303125,22.23252300569491,145047304118.36862,109.30295581487285,,3.400760544758856
Asia,1976,30.214076924500755,32.441128779625,21.20499340679907,141078671063.8496,120.33006225868004,,3.442767674123617
Asia,1977,30.271972193904496,32.815879256125,20.330083215432257,155754357050.37955,126.76994740872289,,3.457973321612218
Asia,1978,30.333849985043468,33.1906297325,20.34134980323672,162145713932.30084,142.73266461254124,,3.444183208118328
Asia,1979,30.358209560911803,33.565380208875,19.33942516688544,191183448936.40967,185.78877557264724,,3.48141495665932
Asia,1980,30.447096271436703,65.22885511675,19.115432394972583,202134408803.727,169.99205804432145,,3.519293380305317
Asia,1981,30.48462439216555,68.18688625416667,18.85306691673517,215617052974.8618,165.86586822871894,,3.4475437897774723
Asia,1982,30.6423977331983,71.14491739158332,18.65011153537368,223632521403.3029,172.4897718892201,,3.526243988949026
Asia,1983,30.64680751811404,74.10294852883332,18.75776922581036,257607757234.70987,179.95825525809835,,3.555974752828099
Asia,1984,30.834535833056982,77.06097966624999,18.85579595622561,266861166352.7568,197.96652824666725,,3.5841289716397378
Asia,1985,30.987215361904987,80.00140653366667,18.7481016067913,278106059699.5673,204.68177553602388,,3.592134859611037
Asia,1986,31.11694222230174,83.06420005058334,19.60115153955537,293622322526.9094,219.69237950504987,,3.617163565187851
Asia,1987,31.41688821802069,71.45490809779999,19.66771623395389,297401903637.11145,198.41040676463265,,3.681640997456024
Asia,1988,31.599471354045686,73.60800195653333,20.42232836640145,321614784282.49426,219.26461128035524,,3.65398322737459
Asia,1989,31.67130004737576,75.76109581566668,20.8201138511195,327916220532.06195,304.0285378361422,,3.699089050925501
Asia,1990,31.716207498270013,68.82717777247369,21.061953754824245,365989713560.21313,338.8138683053661,25.626273293222805,3.7549083512620207
Asia,1991,31.74848427248025,71.4534739471,21.122396195627644,337342559349.3592,332.7807504019229,25.58843981920996,3.752365314036841
Asia,1992,35.677361070795804,93.13332222173914,21.254969495332176,351526946450.1538,305.45501757811166,23.07065658519836,3.414644042465921
Asia,1993,35.70696339326269,144.73649551637038,19.549014669424096,338383771565.49365,296.7538427631308,23.043014573036075,3.421928126340216
Asia,1994,35.71649480595307,147.6776661102258,19.337200620891743,477509792542.4221,277.1710486983329,23.21707349703543,3.461408128654202
Asia,1995,35.83915863987024,144.07836793045453,17.92347214819409,539047594573.2939,276.42429826928486,23.19021829489054,3.457676698401308
Asia,1996,35.95936792898688,151.1955090741818,17.79676777861017,574803732830.1626,237.7400554617029,23.163761843133408,3.4781235360800955
Asia,1997,36.2092015329497,158.28833279815152,17.13504344388099,554253690331.2574,214.38184129921385,23.13690294209465,3.4938867984147404
Asia,1998,36.372190891950815,165.22315953566664,16.58967175734815,531741341987.0143,280.5949119328529,23.110423667405367,3.5047240873202194
Asia,1999,36.35659379548581,172.2972820400606,15.9085100489981,549519737780.4439,269.7831796539172,23.08474418892013,3.5668011512996887
Asia,2000,36.57033809419463,174.56179386108823,15.081328910262664,561716097804.6091,232.339898145556,23.04646520411096,3.6860433386964906
Asia,2001,36.72570433648904,181.68672182867647,14.6806704434189,542585964455.4304,217.19334501109347,23.042583916929782,3.785229847587472
Asia,2002,36.974344349193366,189.24355092091176,14.662134620010624,560981817027.3325,175.71563323849966,23.039522791475328,3.930642293809124
Asia,2003,36.826870391106674,195.98626632555883,13.971059937650244,612971818356.7489,172.3386175937185,23.03037964895713,3.964789033065777
Asia,2004,36.690236569073086,204.88256903623528,13.107444924623094,695794905862.7087,194.79929234146368,23.0912763922085,3.8847250291178734
Asia,2005,36.54262724278649,213.2393693732941,12.610424688038032,745538136586.9594,193.409156330536,23.08367027892434,3.785271343980348
Asia,2006,36.50455014543471,202.65756273847225,11.783940721443908,814091701752.5253,213.1396158528635,23.079369548562752,3.67710214748929
Asia,2007,36.4434165440109,197.22934556945947,11.44187605796944,985706315985.0125,220.5808343874364,23.07878391141483,3.728303714346513
Asia,2008,36.31551503718739,186.52018107830767,10.983026137252962,1149627497597.6265,224.98938700177965,23.07381383952169,3.759695413741116
Asia,2009,36.16188529560396,186.2589902812052,10.995417357333384,1207837045680.0264,177.5411358663822,23.07342755821632,3.675516160720852
Asia,2010,35.79546729555611,186.79301053230768,10.6358456271218,1441502091153.0496,230.09064661534703,23.068651180851017,3.522461575686349
Asia,2011,35.8681153664291,187.38350663558973,10.471665845472597,1670445774309.6038,217.84108510509245,23.027456584834788,3.606253797067551
Asia,2012,35.91347743088088,188.1223247174872,10.539853521326862,1778871665110.7273,231.71933479721488,22.98418159564934,3.654392746273889
Asia,2013,35.99735018482399,189.79270726635897,10.39995526633879,1860754298312.844,234.65464416097475,22.94356094820777,3.7266474170660016
Asia,2014,36.07045176815232,191.7227842363846,10.33557309840652,1932685697398.9111,244.61704385848088,22.90180392895505,3.797254301936132
Asia,2015,36.26591446507199,190.85748698635896,10.30588320334155,1931005991489.2,235.21483517212388,22.869371761235467,3.922202438516148
Asia,2016,36.275064425707846,195.99250638766668,10.252094421750268,1962597814240.6853,226.65029799024407,22.826632567633343,3.951792563473137
Asia,2017,36.40554778894722,198.73271903915384,10.05923746464859,2062706991769.079,226.4665352180517,22.782919409379858,3.995974228924748
Asia,2018,36.41986829997058,205.32911487310253,9.724045803226112,2112443945651.1863,227.76084846655297,22.75294832386432,4.034594184015227
Asia,2019,36.66649346194292,204.2149448835641,9.261215702845078,2200966516308.7207,218.19626978944063,22.72157510560138,4.110614779044605
Asia,2020,36.63813223588148,202.6040430003333,9.898616868264329,2342020048556.9736,248.99400090426388,22.691245454938283,4.093856528558849
Asia,2021,36.51685554855485,201.32060345641025,9.861824913522936,2613427360025.017,250.256528832029,22.653938281711373,4.020725765061237
Asia,2022,37.588551021247,204.6524068694359,9.547004333218696,2666818142361.6006,202.8115489097295,23.44891139001492,3.9184850272687046
Asia,2023,,,8.860084178052574,2595664308583.844,,,
Europe,1960,,,9.86965750039441,6095192439.27564,,,
Europe,1961,52.13588555126069,,8.52624373687129,5696093205.11112,128.34471638358798,,2.611061977320228
Europe,1962,51.975001733096576,,9.23619230083179,6916854671.99583,139.32393871953903,,2.622845663158001
Europe,1963,51.72462465354547,,8.30741680317877,6974673054.49924,151.15799100980598,,2.6607205029006344
Europe,1964,51.50875753798714,,7.52258737212332,7001965956.43147,159.93739664805034,,2.6881598398715014
Europe,1965,51.24659580548775,,7.34294369176572,7381314972.15462,167.02293832017412,,2.705061922846863
Europe,1966,51.23106321441026,,6.92871309549677,8606329563.936913,177.68396495528972,,2.742560693512228
Europe,1967,51.223137231568906,,6.450513076662229,9166158646.182232,198.9702621192786,,2.764026689485514
Europe,1968,51.15262108257495,,6.1603662590567705,9612542519.36073,211.25856436730544,,2.7688136468842
Europe,1969,51.13956819697327,,5.853566015812301,11635880946.099012,224.86934044905087,,2.7999023897735027
Europe,1970,50.81769111385852,3.171146276125,5.486135241325238,12617605681.969349,237.7236439430547,,2.8345337897604024
Europe,1971,50.31226396670253,3.350079111875,5.313596941831812,13173586374.945848,246.73027921815964,,2.838160566817373
Europe,1972,50.20779928782175,3.5290119475000004,5.439863635385204,17406470371.8462,260.43304840637734,,2.850505973709162
Europe,1973,50.005973768527255,3.70794478325,5.458452530920249,22746361370.93645,275.8936343885796,,2.874380753645468
Europe,1974,49.89451739308569,3.886877619125,5.039563732262704,20969410485.6065,252.6920745248501,,2.9028494949211714
Europe,1975,49.65206571350403,4.06581045475,5.487864287871914,26640772111.068443,267.71291905328394,,2.919343498318024
Europe,1976,49.60847908649138,4.079784048125,5.369920826165854,29331149138.37672,275.3303933824425,,2.945781498447474
Europe,1977,49.74633836552845,4.093757641375,5.072722964646482,30683661502.767384,291.4695547393651,,2.94209431239671
Europe,1978,49.76195819030752,4.107731234625001,4.764744545337384,35935615369.224174,308.59513790222525,,2.938189138688658
Europe,1979,49.72685475043448,4.121704827875,4.468395393830919,41769473778.6749,309.8219577672707,,2.912918239576125
Europe,1980,49.58470366696544,3.197943719909091,5.545181110108863,53115924323.5076,299.66674326230014,,2.9084651583171013
Europe,1981,49.52684005420924,3.308295408454545,5.72849103066278,47750932042.79091,296.50553940464835,,2.900010018881699
Europe,1982,49.49813378945567,3.418647097,5.883238089791898,48887956568.80678,302.7535470429838,,2.8926836154569764
Europe,1983,49.2835765958564,3.528998785636364,5.391332250529624,42516812807.96311,319.708790414014,,2.9102165651715466
Europe,1984,49.3163906305369,3.639350474090909,5.5864988425790845,40852991927.98785,315.44491041675013,,2.901728018240475
Europe,1985,49.26799634733945,3.749702162636364,4.967211489492993,40549760592.72225,305.8714424875674,,2.889072811736761
Europe,1986,48.9840258222147,5.519515613333333,5.02630937337719,54482761686.29461,316.1672784800645,,2.86860148756835
Europe,1987,48.95272553617888,5.406288549083333,6.2707066258582405,76520392756.69452,307.5217490582695,,2.853926424608232
Europe,1988,48.945528739761095,5.990272717615384,6.011026611265725,79687037884.37488,313.7280324634443,,2.8491301936302795
Europe,1989,48.812365738553794,5.795062337307693,7.084416947825528,166437874768.68747,310.0996169536086,,2.852154874768412
Europe,1990,48.49320151234669,4.9021554463125,8.503716296858409,253751517237.34216,290.66986494974884,24.145679717927173,2.849520878206133
Europe,1991,48.15345763542499,4.6237526064444445,7.7347152803677695,253114932657.8028,262.87450529165096,24.22504474879869,2.8211574010836054
Europe,1992,47.271547177762926,4.39681270805,7.060805932056732,213843489158.37103,214.35775526803693,28.13632132477353,2.682649244527614
Europe,1993,47.35251668687183,4.187339312523809,6.366630183238089,189052719765.4901,192.2769493071065,28.62603620107772,2.5353322963532268
Europe,1994,47.110270416580455,3.973802211090909,7.280112937320245,184263824051.1726,203.0426896693482,28.703686421063995,2.498376319032736
Europe,1995,46.67027862447972,3.5530950878214287,6.740389564283194,273771813693.16385,192.18406574527071,28.781385114109465,2.451569000075507
Europe,1996,46.44823017960128,3.966666610166667,7.324103493266965,276028945476.6759,188.97046916682044,28.857731371484483,2.422214107122468
Europe,1997,46.23670050554671,3.970067821366667,7.04592202814832,252903681875.6412,186.3536936812743,28.93545569015823,2.409963471512984
Europe,1998,46.05102726644408,3.9951858428,6.744278675734675,238295663774.57043,189.14119842306425,29.013669649784653,2.419859810423449
Europe,1999,46.00161190726705,4.0162333269333335,6.314200181697347,221376017962.012,179.0908266984,29.09057461204723,2.409696163336548
Europe,2000,45.48071516731506,3.890567853322581,6.038418022478108,202844087994.6856,175.03806629439862,29.1058991768607,2.2466349719812206
Europe,2001,45.02091309397546,3.7704065878125,5.824674138171454,210318254431.7129,172.4469950043062,29.180383690291595,2.2089748119263395
Europe,2002,44.67624140805165,3.5823877093437497,5.410474398613929,218268545492.5577,172.01837290552783,29.26470475593712,2.153559644787224
Europe,2003,44.45723435657512,3.54504870621875,4.969921821764705,256216287458.23767,175.64476065825534,29.337138073534334,2.15124297915995
Europe,2004,44.10386959411547,3.395691877125,4.90041861711122,296858589584.6456,174.87509065781484,29.41126919558272,2.13225490590815
Europe,2005,44.05786251146504,3.321715452,4.360976882565598,279344432745.678,170.97657064034368,29.486116725441622,2.1492477095963323
Europe,2006,43.60322768400447,3.203838996181818,4.125763468316912,289749005121.208,168.51436219425088,30.133385511109434,2.107196984385856
Europe,2007,43.155529634887294,3.262721209393939,3.807085368045696,346611700972.0772,173.67007997016924,30.24954117911639,2.109080952852871
Europe,2008,43.555378999126496,3.367024802969697,3.7560272843653504,386023878917.97485,157.33191255011644,30.36018268343472,2.100492770725413
Europe,2009,43.279209158063615,3.2697824770909087,3.63844509744491,317048481601.1188,143.69494901136554,30.464385353161287,2.0918686460952656
Europe,2010,43.18214666617791,3.39394607039394,3.913724193111341,335562668925.3143,158.1391381645155,30.5718633026401,2.0711545900338977
Europe,2011,43.05851239610142,3.541730057939394,4.011210602469991,390265332124.15936,159.31107569698318,30.63441105895346,2.057119652285462
Europe,2012,42.82027276096153,4.202209008060606,3.7711974698047306,366173889362.6813,161.3914176995255,30.69669627266506,2.0780905293004173
Europe,2013,42.32908126633156,3.869589120060606,3.931605275602745,390638584970.965,169.78011795737515,30.72854370252396,2.044374959414314
Europe,2014,41.975414081573085,3.856371295212121,4.026299595061806,397188643487.1786,170.7864917088855,30.78678438170468,2.0053581628978363
Europe,2015,42.55100596463674,3.642165334242424,3.8483393515529953,323946517028.10547,173.31151924479678,30.84973614969492,2.1025208008753085
Europe,2016,42.507930743913526,3.6656033316666665,3.7850940607713257,318977964223.4049,175.12995807481337,30.894433361956736,2.102927393713497
Europe,2017,42.48486464613085,3.821079265818182,3.64320546372289,356078676241.2598,323.7172035538945,30.957195702685617,2.113373605134569
Europe,2018,42.4471692911298,3.740855957666666,3.451723388042188,367412494693.1232,423.4714422856324,30.97788983282903,2.065649227071374
Europe,2019,42.56837926081965,3.5171960189393943,3.419352842093843,365158063880.3537,174.29832151747928,30.996457061541545,2.082595401511907
Europe,2020,42.24872702547868,3.541773799030303,3.482395916485624,365740809278.10114,182.73953879116232,31.044915912379448,2.054193281175971
Europe,2021,42.09558197100144,3.467083926454545,3.4383386926183523,420052523096.26776,184.52432496678207,31.064422059199245,2.024813252676078
Europe,2022,42.02387884344285,3.3637258549696964,3.626223402803013,438639529325.0916,150.71668120942846,31.776414909312425,2.0412134990038773
Europe,2023,,,3.443654483874768,440848149742.9715,,,
North America,1960,,,23.28675488157784,411240219.647641,,,
North America,1961,30.54067256736702,,30.56366550180985,252428696.729269,61.156415547182334,,6.57875018572531
North America,1962,30.50171638623031,,30.61170763882929,261007537.48063892,74.10512254518576,,6.58865582519025
North America,1963,30.94692235522973,,22.622874955459185,476281199.530834,79.30385669401629,,6.78403810928784
North America,1964,31.376219671392764,,22.16953801224388,482506266.071187,89.93061663329838,,6.7888730346786215
North America,1965,31.376688282654783,,24.658866978547533,4326034998.113208,85.5982070899873,,6.787043119601437
North America,1966,31.842479225029564,,21.5815500216081,4481241142.16876,97.03532039395138,,6.903414597520247
North America,1967,31.79748410929023,,20.981298713301268,4697666587.879384,110.09442771820504,,6.9651782611439526
North America,1968,31.81767323427589,,20.69075786490031,4877240249.056604,129.50291386914597,,6.970439664374927
North America,1969,31.69664931155763,,20.178406787631488,5128795594.339623,141.7898878041317,,6.998951756410554
North America,1970,31.494567432193072,,18.772801427967305,7113168432.075472,155.92252886726016,,7.013341062048867
North America,1971,31.669188411951563,,18.224467786744103,7751897224.622516,145.29895785810413,,6.946987836708153
North America,1972,31.40044329558945,,17.820115826103983,8324585026.524058,189.00422747655145,,6.972239254250753
North America,1973,31.52364355503312,,17.961417821338728,10400220319.80893,210.34181916182547,,6.993213573384839
North America,1974,31.50484782256299,,17.35266923994442,12958793894.204384,214.90149359944323,,6.983952953850507
North America,1975,31.628966783841243,,16.47418417379527,15158865111.852043,180.896421093109,,6.98243384615422
North America,1976,31.80340353951562,,16.3551753783902,15474338327.42331,236.16280990653172,,7.016510369746612
North America,1977,32.047513235400295,,15.998297749008136,15820768361.16221,238.0721688432644,,7.024514028332377
North America,1978,32.09022713190807,,16.799630080823917,19134116780.966988,230.20377726376933,,7.0314477734820935
North America,1979,32.2363121139288,,16.08153006487806,21841660917.179268,208.0467206044709,,7.187758474290758
North America,1980,32.5863561451835,,14.772768090463664,23337128531.98209,211.46467585277185,,7.379015796767034
North America,1981,32.56267254882642,,14.410791398414377,26923263017.665943,216.392259887246,,7.439793924842096
North America,1982,32.4997545985031,,13.717167515886947,20216130353.127537,202.8919189332112,,7.317351607821262
North America,1983,32.45737784748483,,13.144194511323803,19974026731.97681,214.99222165939264,,7.416096193114734
North America,1984,32.60757089332983,,12.176624715916695,23323387396.910866,240.05815883754752,,7.326675683877199
North America,1985,32.23848167427251,,11.483929231732311,22785388341.707268,200.6509020207774,,7.169580531954198
North America,1986,32.24511448368556,,12.109700185565227,19684197699.29199,210.1035764205424,,7.147363107486969
North America,1987,32.08908992659415,0.082819545,11.323288716943424,19618378995.512817,231.6896040621484,,7.108706599838346
North America,1988,32.11112960673277,0.084353241,13.244582446650384,23403716561.71038,237.0956748201897,,7.064576211899338
North America,1989,32.048915328221526,34.292943468,11.8658425702096,26020599096.022774,307.6932970374374,,7.031871706480366
North America,1990,31.53711124922804,18.35403283925,11.594732336019678,29269463334.50315,261.0952845741363,39.569848459504655,6.850769131987419
North America,1991,31.39403842211248,13.438498126833336,11.137246902431356,32407722617.13113,307.28775103705834,39.50194263179539,6.763259510158808
North America,1992,31.334262743803404,9.357532473666666,10.915690591152412,33691149065.802338,253.2310603741892,39.43403680408611,6.738490581303789
North America,1993,31.108422893317627,9.126982668,9.909318853816035,37267214702.60456,238.40396528962103,39.36613097637682,6.7542504620285895
North America,1994,30.6999550819792,11.146476557666666,10.162231674087138,37624585188.9015,231.0726625261773,39.29822514866755,6.648577421936919
North America,1995,30.4346820605588,11.147394133615384,9.224518857651285,30073636785.97814,227.49991500042748,39.23031932095827,6.554078279985169
North America,1996,30.13331416694692,10.920039353307692,8.573890961140972,34151132190.909344,239.42383448298744,39.162413493249005,6.463589234214952
North America,1997,30.056490253357897,9.3669858878,7.764820534890561,166294354796.62384,259.17664400318824,39.09450418674782,6.4486719809085775
North America,1998,29.907537174995035,8.640870241875,7.455522666606408,161533718159.1408,288.0754182775883,39.02659835903855,6.303416349178646
North America,1999,29.77423186414296,8.444370640375,6.987046198401298,162809087589.89468,299.7862634089015,38.958692531329255,6.401390683841055
North America,2000,29.57825206225525,8.2559762361875,6.217677191837953,172644128916.01852,298.05110497186536,38.890441315364114,6.330176257484875
North America,2001,29.613154844443805,8.2168676095,5.646940850014956,174700446756.9429,234.050258973933,38.84014425923639,6.265027454949633
North America,2002,29.236940993734063,8.296654293,5.487029922407037,160801297736.3186,114.02509026582403,38.79707373210475,6.156900343502946
North America,2003,29.06922282146232,8.3399061455,5.876545125150831,185373779742.0375,138.6213328422353,38.74684475085408,5.99620480384434
North America,2004,28.774943318413943,8.3811440079375,5.74011897603774,217951970920.90463,119.34396723979418,38.6966129511297,6.009300584843322
North America,2005,28.06021748168292,8.430500721625,5.696933433031284,215976299351.00256,118.80968652407044,38.64622549205377,5.630874381003866
North America,2006,27.72369974446698,8.49218087975,5.3456722852982566,209286402614.7782,118.88874620144206,38.59614089943758,5.626869933910959
North America,2007,27.749908569277988,8.5012348499375,5.269424886952675,232119667597.20087,122.51520314671426,38.54590064905801,5.673744535433018
North America,2008,27.54848757410839,8.6854806634375,5.266097287538272,239509142792.5391,104.5440835147233,38.497455443759854,5.617642255748023
North America,2009,27.74479616404283,8.7901298206875,5.198165045084076,210879515522.75592,77.92087182927845,38.447295915513465,5.647032876067647
North America,2010,27.88768252741772,7.895532913555556,5.106777532615082,236365678659.5464,102.50975621549576,38.39713638726709,5.692995008331976
North America,2011,27.85553541673916,8.01637078011111,5.305458067468524,281319318153.63763,130.1545593929056,36.80867792786511,5.7515876270737545
North America,2012,27.573793136341056,7.807471340473684,5.28193361246117,284882056629.526,135.75192905084282,36.79605580184227,5.436246402782966
North America,2013,27.553163499675083,7.900432200052632,5.179618774426218,324686077485.5407,137.0867212127843,36.8021544049526,5.536673993937163
North America,2014,27.472250639806056,8.011438257421053,5.213405120542768,304036070344.7506,143.86736106152827,36.79510207212568,5.54011700163503
North America,2015,27.484293684436,8.028294774526316,5.187837231814461,284352942322.5775,149.57542218540684,36.78041824965,5.579735669270153
North America,2016,27.395717138841785,8.005268954947368,5.209859126889167,271369471845.2228,142.5306578699833,36.76486688180804,5.59740972644214
North America,2017,27.33322762705852,7.993012953368422,5.315848457296831,286930472286.4054,144.37005023442768,36.734324612766486,5.568458723909062
North America,2018,27.21912095616325,7.987879658263158,5.102981595211297,288513135156.7568,162.58885130031064,36.71158429680752,5.426670992596671
North America,2019,27.006554120555965,7.976182964578947,5.081372879540141,284520465355.275,162.73492508716978,36.67059508104317,5.400049112452553
North America,2020,27.03825715715408,7.963987293526316,5.797622144985267,304463900421.0428,136.9845426756907,36.63858905182724,5.380151461813475
North America,2021,27.06118569073158,7.983012211210527,5.622692042741666,306063674023.8203,128.51648041657003,36.6221226370386,5.257202422759792
North America,2022,27.03672926015507,8.166976400052633,5.204583205328431,92623992086.93254,109.1652837989693,36.58743029673519,5.291473265069425
North America,2023,,,5.8741812257283,106958929278.1062,,,
Oceania,1960,,,,0.0,,,
Oceania,1961,25.903928097796275,,49.0393412625801,120064019.210243,207.89983329418257,,13.20853892476716
Oceania,1962,26.06136819484713,,47.3842195540309,123760019.801603,210.54485757936223,,13.117467625048882
Oceania,1963,26.64509660329966,,40.93727891758045,170506293.2122497,255.0793844385973,,13.585597995792604
Oceania,1964,26.682093925785697,,37.77839430583195,176135862.6207252,341.4058855005843,,13.59352818007248
Oceania,1965,27.272904188794985,,35.94812195480745,187714791.3188399,335.5470598067796,,14.072002497623108
Oceania,1966,27.366920844167005,,35.20377138779345,205400625.7579097,304.147558538594,,14.163266665470044
Oceania,1967,26.976882830079145,,34.245757996614,228503135.4638962,269.8180267512213,,13.754602294230308
Oceania,1968,27.208014694562653,,34.6480729007326,252181685.41949192,313.92614585677893,,13.796221620119336
Oceania,1969,27.34042140399875,,33.08442418705765,274869321.4173349,333.84197225453715,,13.79756760471034
Oceania,1970,27.14815492188662,,31.154689994973,295272257.5932114,338.3994523331358,,13.73312062931868
Oceania,1971,27.21592757993643,,22.48666634927943,1203432496.1681445,367.3345935500666,,13.734037210500835
Oceania,1972,27.450123855747982,,22.52821060219457,1606988674.6498437,419.6936990209377,,13.742017147592968
Oceania,1973,27.45347069272103,,20.827810573792966,1985315348.36602,413.8913297402952,,13.744026055283063
Oceania,1974,27.588579916913968,,19.856135352751323,1689799571.831216,323.7436253559475,,13.746684558792904
Oceania,1975,27.77739033924616,,26.37573564104543,1853587575.9323485,262.5096867337726,,13.77560532500446
Oceania,1976,27.954381624021508,,26.50893813472268,2122328634.499093,266.4748370758629,,13.851949939712208
Oceania,1977,27.94806384673027,,25.46645486835071,2168635280.767138,284.9817243715995,,13.900068645618504
Oceania,1978,28.086579031845574,,25.19510129501192,2542939302.10214,318.30354005815553,,13.901376202481703
Oceania,1979,28.260141900003408,,23.59057214542928,3393405754.5864444,308.0748893168047,,14.077938083152196
Oceania,1980,28.44164552232259,,21.09895455437503,3445477193.495591,286.3057818689818,,14.171037049727287
Oceania,1981,28.96340288784585,,20.75603116132223,3183250557.664128,273.4481900660034,,14.489145737961955
Oceania,1982,28.85158099911213,,19.56071785381454,2767780536.162741,271.19095129090755,,14.492643409055471
Oceania,1983,28.786939410395977,,25.525678568775746,2927113377.189514,283.02770340467083,,14.401080920341274
Oceania,1984,28.952624606960583,,23.149775730563565,2983019851.10948,332.29580208632603,,14.49067516448255
Oceania,1985,28.95939186332126,0.255657492,21.581705735962075,2865012352.014471,246.0984148329225,,14.503812217912875
Oceania,1986,28.81831881033715,0.26757536,20.26298234556744,2971090248.905624,262.9932139110624,,14.521895185587196
Oceania,1987,28.77651014425272,0.171270257,19.63817893403085,3702256950.662841,295.44953279140844,,14.46877828704607
Oceania,1988,28.81984980731181,0.1815401165,20.1005202698218,4272413667.236136,284.4785642840469,,14.488139341382212
Oceania,1989,28.158937551550835,0.191809976,19.427891452016866,4268528690.729017,314.3841169347958,,13.835160690878087
Oceania,1990,28.14441441497596,0.2020798355,16.41906993622469,17241218395.630405,304.93737760374626,42.74789666567405,13.82871093067725
Oceania,1991,26.07657895836819,0.212349695,18.15994859196507,14877859954.275837,316.1392936355072,49.50198066663452,14.89501286286757
Oceania,1992,26.04288742826493,0.2226195544999999,20.873657979880008,14470531296.224928,372.800340424573,49.51610640506353,14.906668050228433
Oceania,1993,25.845182816806496,0.9791078476666666,21.026870797965163,15696190650.561356,425.0845733548593,49.5302321551146,14.794192522834145
Oceania,1994,25.85915873952125,1.157363635,19.65003559557064,17081168800.999945,416.063547030401,49.54435789354362,14.772576095300442
Oceania,1995,25.88462856728257,1.070714273,19.08177287338561,17764714692.819893,433.03224614085457,49.55848363197264,14.87621308861397
Oceania,1996,25.874909070734315,1.22593483,18.7365618849705,20791393361.77047,422.6493643392824,49.57260938202372,14.892531571670103
Oceania,1997,25.682669638286622,1.226412839,17.786143968877983,20834671240.988,418.1294739206372,49.58673512045274,14.827675191758932
Oceania,1998,25.37501081057601,1.2268908486666668,17.57458072192492,17608805119.678635,401.33503635415326,49.60086085888176,14.65233662572318
Oceania,1999,25.28091093280882,1.2273688576666666,17.21094975802834,17721706145.693497,431.07416730846927,49.61498659731078,14.65567794766688
Oceania,2000,25.17751288169245,0.9336580165,15.492850026249462,19085360190.2494,460.0062646167175,49.745429874392784,14.592871992228975
Oceania,2001,24.632192214486693,0.94458926975,15.301720488471489,19242503870.92504,489.8870586335575,49.73987306785125,14.081618413160207
Oceania,2002,24.55898517049265,0.9248548725,15.595416830939046,21292308845.71492,280.97234548381886,49.734316261309736,14.125344450577694
Oceania,2003,24.426642674437225,0.90512047525,15.875697785268512,20684491282.30192,311.6295381162481,49.72875945476821,14.105276950454884
Oceania,2004,24.06930245348964,0.88538607825,15.92812073005332,26689357024.14997,301.152234825972,49.72320264822668,14.0978727579108
Oceania,2005,24.11554186860906,0.865651681,12.921230287149696,26358226274.762264,307.6914713774496,49.71764584168515,14.104476168372562
Oceania,2006,24.07504597234216,0.8187853785,13.4014594790077,28865413183.734978,316.78635274054926,49.71208903514362,14.105438555699209
Oceania,2007,23.91013009849569,0.763605948,13.588447127044084,30295510481.48383,308.2421027919134,49.70653222860209,14.192959627958036
Oceania,2008,23.77659371362963,0.7084265175,13.539943093533406,35038837371.17499,286.73402301801576,49.70097542206056,14.174031190712006
Oceania,2009,23.64227999760871,0.653247087,13.919856435023773,32046440242.874577,223.3392217176597,49.69541861551903,14.076936953643091
Oceania,2010,23.691620317617843,0.66293046125,14.032060410592,39030246645.63882,242.89483461476385,49.689861808977504,14.113495884899402
Oceania,2011,23.945404070785788,0.66247314425,14.404207716331948,47555199236.44542,271.43574446197374,49.7041898102981,14.163665494692998
Oceania,2012,23.74432022878062,0.7761418435,14.414590566842914,50512284508.42278,176.63049531400205,49.71851781161869,13.898067989142918
Oceania,2013,23.59851409111086,0.94804225,14.240833408495288,55271548665.86115,164.54997726826423,49.73284582456133,13.7791363979192
Oceania,2014,23.823546045231684,0.8890991605,13.666048069192032,48062696877.620445,169.26541337059513,49.74717382588192,13.806554055564968
Oceania,2015,23.700768897618094,0.766639811,13.235369176948987,45472832334.75752,180.3593287127118,49.7615018272025,13.741624554942687
Oceania,2016,23.52222249884124,0.85556257525,13.793301062936129,45060862067.57887,179.97794005175186,49.48156904663702,13.767179435568764
Oceania,2017,23.657974908177447,0.9033660305,14.377060802530606,54088898166.5733,211.75776993791052,49.54508537378253,13.831323657747086
Oceania,2018,23.201783291524336,0.930650323,14.586813379762516,53107705544.89975,183.36136343071195,49.555117684986726,13.755307826646884
Oceania,2019,23.09253890463605,0.8199934695,13.381787139116335,47622126851.1993,177.13168219223792,49.56530329118689,13.693036596322026
Oceania,2020,23.02810451781628,0.716843063,15.817550255599569,44885669769.19099,181.83746109046504,49.578826967982266,13.707159514928495
Oceania,2021,23.09318407334157,0.83981054275,16.162605811803697,57068848164.71834,176.24888017737513,49.59012527104365,13.125255925465504
Oceania,2022,23.007633521560507,0.8575950955,16.6050026048106,52109165829.58895,199.12107529185155,49.60290715659436,13.12483394714675
Oceania,2023,,,12.45286237526108,50586883556.04614,,,
Other,1960,,,30.51604010602108,610548989253.5918,,,
Other,1961,34.844080867521846,,34.90653492123968,696040549357.0814,18.057499334098072,,0.9150174592594654
Other,1962,34.91202569474765,,34.88237153708122,704527004228.1097,19.73761106056953,,0.931721304599496
Other,1963,35.0049591162453,,35.451221414580495,782524191437.9293,20.99135109249333,,0.9338771473123608
Other,1964,35.06272086328457,,35.07765489170069,876678560837.8591,21.90250628809934,,0.945030647438932
Other,1965,35.13144833911183,,32.49806251576225,1032457843961.4916,23.435353342921594,,0.9529581612309715
Other,1966,35.196276330589974,,31.50272633326594,1028887826957.337,24.936557880410227,,0.9572503933635512
Other,1967,35.24959226902774,,32.29215222900278,1086354549990.1628,27.651871142419665,,0.9561240567860796
Other,1968,35.39607679891299,,29.80435477242277,1135593110135.7122,29.61828633168801,,0.9728907212016944
Other,1969,35.457584389088495,,28.245226419347706,1200900972518.1255,31.251208832474795,,0.9842134541330332
Other,1970,35.448528870458524,,27.124250797596293,1260746778532.525,34.179819694881104,,1.0077968754870432
Other,1971,35.516620602173504,,26.149141175987268,1309223821233.411,37.41874226779022,,1.0182566210069317
Other,1972,35.63760177352463,,25.481519249262952,1422618714178.0845,40.2429493815276,,1.0295403940532242
Other,1973,35.71067616037839,,25.05883824600555,1780293445198.5662,43.984896040518905,,1.0478308908882457
Other,1974,35.742992195720205,,23.260354773025263,2059149839884.6729,42.49350054870321,,1.057204608157968
Other,1975,35.77672159319052,,22.665790100032783,2189090228642.7664,44.981727454056745,,1.082195410616409
Other,1976,35.79046473583583,,20.734356367089504,2163207351135.4707,47.83290357078882,,1.0950386847812927
Other,1977,35.872280991870205,,20.00129808423227,2381063016632.981,50.989438957426295,,1.111516243602582
Other,1978,35.998488760189936,,19.13914368755819,2448213105108.3115,54.38820991269093,,1.127280186096954
Other,1979,36.098622262878855,,18.99748353664903,2859839941957.551,57.47870789284333,,1.1443885869736143
Other,1980,36.17165629220512,,17.781414113201127,3099859387750.5977,60.826985271307386,,1.16596700729552
Other,1981,36.19310033746664,,16.588538060466327,4939874145604.025,60.562909824938814,,1.1878732894251138
Other,1982,36.26750102047311,,16.439716238893876,4771059375564.789,60.76441578835785,,1.2018263761939352
Other,1983,36.29262466157577,,17.089590705711604,4918672845368.309,63.29793873073479,,1.22131107448473
Other,1984,36.525448680941615,,17.57733987318085,5107574922991.869,65.19593587627001,,1.2451505697282448
Other,1985,36.728462660691626,,17.556629385830554,5226117209637.729,64.30381396112355,,1.271348479811594
Other,1986,36.78369018314502,,18.68668723164453,5433417136146.855,67.5322338300967,,1.3010452736306948
Other,1987,36.952285128735504,,18.8601898319431,5581582314480.306,68.61443177901803,,1.3357547398381069
Other,1988,37.01578337631766,,19.3472423658007,6044421873836.777,71.53518385417759,,1.3647753244380656
Other,1989,37.11057272418895,,18.987955885800744,6356737147057.896,71.61871173400802,,1.3635557987830196
Other,1990,37.20024495243437,,18.405292534486488,7485853501310.408,69.45969081024752,33.04324149054515,1.3935031297793918
Other,1991,37.28636121497945,,18.62716626563905,7273040036238.282,68.89695971526739,32.99387745425871,1.4016568793122577
Other,1992,36.650083395023465,,16.88541241858183,6732842961849.5,67.56568398738932,32.95705062865355,1.3233050618899869
Other,1993,36.67166181699177,,16.17187655311441,6568738811855.8125,65.49564026663609,32.70459652263689,1.340111797142601
Other,1994,36.79414587230203,,16.274623860702913,7247504928097.32,65.94041079034987,32.67703778791858,1.350933187166397
Other,1995,36.81344997775463,,14.529618763084011,9524225082800.87,67.85680606929971,32.62115520246613,1.3691716550529345
Other,1996,36.8662934064443,,14.374122732923311,10268670814530.15,70.92090108009619,32.56486192566179,1.3850471223029577
Other,1997,36.96664865916926,,13.62032277110445,10746688619511.66,73.03039355108189,32.50539080634209,1.4002863059893278
Other,1998,37.03568338098724,,13.65128818925803,10512226810328.969,73.55015201101557,32.45542781233032,1.415600653514414
Other,1999,37.08949279661432,,12.454709563179556,9629840080687.666,74.99011732986867,32.398390884061584,1.4423525740561094
Other,2000,37.07285157597395,,11.951962764180848,9604127546783.516,73.84796060182202,32.32357133125323,1.4560282158457087
Other,2001,37.00878424660088,,11.809688729631436,9522880436571.06,75.0685269540666,32.28245970365158,1.468053637492478
Other,2002,36.92861063825183,,12.400951162402484,9927571532342.031,86.64907272960659,32.242416669880825,1.4796411100478433
Other,2003,36.85123855886067,,11.995955180970226,11063536559824.44,88.31487076610591,32.19951056186369,1.494792329645796
Other,2004,36.67921868710674,13.037127206,11.34211269695288,12590717593437.148,95.4021337383624,32.10751440581007,1.5202072773847377
Other,2005,36.702940347624846,13.037127206,10.84840528768948,13371162693795.16,94.25638570343328,32.0659148265022,1.5492325189685598
Other,2006,36.80037112593647,13.037127206,10.632418770430483,14616498865084.686,95.12047636464791,32.05559145721738,1.570150985697494
Other,2007,36.75433861792367,13.037127206,10.618394345690378,17581490938382.889,101.64079931457202,32.01665931196476,1.5995571103345425
Other,2008,36.70862062923511,13.037127206,10.75005873123407,20555707771863.867,95.22163984603512,31.97952210585296,1.6184095670430043
Other,2009,36.80071550634784,13.037127206,10.93789679156623,20313466225906.555,92.10446516479855,31.940063574923943,1.6452828826860362
Other,2010,36.88286573428517,13.037127206,10.582457002915037,23566550836611.543,101.60908752175024,31.900078471614066,1.67277016899361
Other,2011,37.030463986403326,13.037127206,9.97176423838137,27087068430378.395,107.74673441537873,31.4410171911121,1.693593564437681
Other,2012,37.6020154312136,13.037127206,10.057088463015784,28121203677971.94,103.08316295067394,30.90375468526949,1.6901522248260317
Other,2013,37.57811195858518,13.037127206,9.924588113790447,29845859210827.062,107.3856517627908,30.85434707945508,1.706339456268476
Other,2014,37.58105331755255,13.037127206,10.090132948213004,30759001324183.062,110.24840367130768,30.80963209022384,1.727405532121053
Other,2015,37.54780686206989,13.037127206,10.323570179315642,29672289434320.09,108.18455137741444,30.764193535637187,1.7563291980364577
Other,2016,37.54714259978769,13.037127206,10.091471804718944,29694454838951.902,109.83291563265254,30.720856356103976,1.759739065147805
Other,2017,37.647223021067326,13.037127206,9.829219947292934,31210684790455.586,114.30135980020216,30.67145319722088,1.7971803037743732
Other,2018,37.55983295112119,13.037127206,9.563673458662796,31905480109401.266,113.6062080709422,30.620869120921306,1.834400405964513
Other,2019,37.60070686761206,13.037127206,9.659255426583336,33051016927379.39,112.46562059480372,30.571228510538976,1.858080982132402
Other,2020,37.577654717747535,13.037127206,10.497645926909618,34863974838581.49,119.42732508065286,30.52317690719192,1.8776876650614345
Other,2021,37.61153172985813,13.037127206,10.015766422438208,39036801580728.75,117.68544573174248,30.488456067885057,1.9007158455260973
Other,2022,37.522332197041024,13.037127206,10.218228632957942,39642706770467.625,108.20360790447448,30.94684569412204,1.9084363529821788
Other,2023,,,10.571990636743116,38117755245696.1,,,
South America,1960,,,16.05410861821375,1667907492.3297515,,,
South America,1961,27.489755211372657,,16.07223976604858,1694249115.897974,13.247671353626655,,0.6100392324778979
South America,1962,27.55681149899961,,18.83806647241233,1839500967.49884,15.67533674410493,,0.6108494028937106
South America,1963,27.60530795733709,,18.66410640077387,1883065819.020564,17.868967016402575,,0.611935173150376
South America,1964,27.664067816839392,,17.92450842971254,2152035569.6125083,17.45366070678573,,0.6139625942676087
South America,1965,27.7375851973337,0.343495935,18.21330947511009,7570518695.032064,17.74627696041324,,0.6145079545122429
South America,1966,27.768940636909026,0.386278414,17.039920948021297,6944607934.728559,18.316944491498308,,0.6151620471605399
South America,1967,27.7889840239134,0.429060893,16.695945947778796,6589315464.2985325,22.49304310986549,,0.6175389734251099
South America,1968,27.80952279059299,0.471843371,15.440793685886316,7311805855.142001,24.83313560977858,,0.6199706774677055
South America,1969,27.840107482675872,0.51462585,14.865426077885097,7930551531.803829,24.439160679503065,,0.6238179511310387
South America,1970,27.88145980747927,0.557408329,15.05345491059179,8654752119.997498,27.964589593567226,,0.6263743303407835
South America,1971,28.157736009564847,0.600190808,15.236968303390434,9683469604.000826,32.724616218724215,,0.6324565318023455
South America,1972,28.32418240671401,0.642973287,15.271373475887907,10502731402.533758,37.98601448195115,,0.6350896876875901
South America,1973,28.43396229734072,0.685755766,15.42165102759468,14240004552.229149,40.71169005915593,,0.6406860362165857
South America,1974,28.64187649233332,0.728538245,15.92447134325588,17300874730.613136,42.56313761127961,,0.6477224477886261
South America,1975,28.862517996337115,0.771320723,15.684857934817249,14077514190.37976,32.36609044057696,,0.6541935897015071
South America,1976,29.073321179695043,0.814103202,14.770051274864146,15648694266.386662,42.518038353604446,,0.6627402001763532
South America,1977,29.287828018568053,0.856885681,15.94383408568465,20477040336.150654,43.17131305833647,,0.6733593784075488
South America,1978,29.398907259900028,0.89966816,13.704625142838204,20793564887.84329,44.0298612834901,,0.6853620088239826
South America,1979,29.56646937412673,0.942450639,13.128091181372096,21448519899.48329,43.7353444385576,,0.697605016221579
South America,1980,29.732585577848123,0.985233118,12.918532842716957,21717686878.74496,41.02422484053566,,0.7085511762454005
South America,1981,29.89584909347778,1.028015596,13.653577556061446,53648727099.600845,44.21450952078657,,0.7187549426074701
South America,1982,29.978129964746184,1.070798075,13.195227448505104,41473128770.33277,45.38375872182068,,0.7351918546599826
South America,1983,30.053475135416463,1.113580554,13.726481864462135,46857550978.18794,46.44321429745512,,0.752958147545718
South America,1984,30.197679918696224,1.156363033,14.503407232030732,49654964385.87177,58.83321806150561,,0.7705256358815488
South America,1985,30.31406751833347,1.199145512,14.235138034173591,46874987446.194336,61.52692875617629,,0.7829330148166037
South America,1986,30.433499587513925,1.241927991,14.148242894805788,52094764353.4842,71.41094875332877,,0.797131864763375
South America,1987,30.468091652572017,0.5951154853333334,14.499985216969431,52422972460.86126,73.5049513557957,,0.8118265426619099
South America,1988,30.4829103195624,0.614911858,14.163047572929491,59977635411.66555,63.99436445964621,,0.8195712697220605
South America,1989,30.50602501340961,0.6347082313333333,14.79060049528854,59626850821.33545,61.31027231524085,,0.8400758505480316
South America,1990,30.567632912427552,0.6545046046666666,14.13650817659786,63285221785.26361,58.66941788735402,53.87167150819014,0.859746935816705
South America,1991,30.58826446829873,0.6743009776666667,13.63874174417439,60498085568.69857,61.04603772867282,53.7056264943673,0.8761068541032456
South America,1992,30.581610881697618,0.8921532266666667,13.649410986319028,62646033415.01365,63.31190451625374,53.53958148054446,0.8922463526218561
South America,1993,30.589396257591844,0.9166763348333332,13.839733965822296,64865843340.33273,69.09691602232105,53.37353646672162,0.9034806427897748
South America,1994,30.6586982308446,0.9411994428333332,13.932133267243357,90989237436.20776,69.66400495559485,53.20749145289878,0.9104670605678998
South America,1995,30.661113751665614,1.178611921,13.594910916611012,88697013689.67032,75.12570978267973,53.04144643907593,0.9139983673231844
South America,1996,30.664410336298687,0.9926700186666666,12.88579782816977,89875004306.85281,90.68505416914228,52.87540142525308,0.8840984802600788
South America,1997,30.710783872743647,1.0096015427777778,12.177102207947604,93382202403.61185,96.09568784774058,52.70935641143024,0.8980778199043119
South America,1998,31.10016982382835,1.0276253458888889,11.331728294201332,92761719644.13562,96.9063314065384,53.023488741613086,0.9582824348730368
South America,1999,31.149140800968222,1.0456491487777777,11.176992525476797,71627723353.97116,95.06583966679976,52.85433118641521,0.9590615791794114
South America,2000,31.122404502497577,1.1398553852,9.88014411681356,71572092733.81595,99.02883939192162,52.68517363121735,0.9570566298844652
South America,2001,30.833499187988817,1.1549857526,9.4496865846366,65469796279.15332,113.45384919739551,52.51058093483482,0.9421053610913392
South America,2002,30.790707280718667,1.1701161196999998,9.845236076100193,62464418310.79853,111.02421783108548,52.33598823845231,0.9309639858575162
South America,2003,30.708943701286444,1.185246487,10.355216067883068,72891733320.54272,124.73441881820165,52.16139554206979,0.9140937983727916
South America,2004,30.87274378695772,1.2003768543,9.940862875275355,80630630244.7009,149.11912818613538,51.98680284568727,0.9443092829591524
South America,2005,30.93208048616728,1.2155072217,9.114410605999185,91043768633.58168,131.0486651103653,51.812210149304754,0.9449136677881912
South America,2006,30.849248677219844,1.2306375889,9.651777346519752,103629150787.08089,154.33068118084603,51.63761745292224,0.95049937008258
South America,2007,30.81039108491097,1.2433414764,9.356230240442471,129745152085.45972,159.53703690430487,51.46302475653971,0.9536080953111408
South America,2008,30.835792670556906,1.2560453638,9.529464207529148,161741158885.77893,186.63435914820232,51.2884320601572,0.9586710697839546
South America,2009,30.81415166999604,1.2940912239,9.172428449067064,154934599218.58957,133.29944125638306,51.11383936377468,0.9837076029458088
South America,2010,30.67075428429009,1.332137084,9.182634126132262,193683814678.75537,174.70642320566037,50.93924666739216,1.0077172532301846
South America,2011,30.58141986461298,1.3523965676,8.990929802322723,227303707736.05,182.24972369964487,50.79064955681731,1.0018097785071645
South America,2012,30.54035963252386,1.3659285744,8.279163629937456,213844017065.327,181.44529433415164,50.64205244624244,1.0076603635428156
South America,2013,30.70442784304974,1.3782466092,8.545125990349035,227615235712.752,194.64300858547344,50.49345533566759,1.0510857001793317
South America,2014,30.01309771322148,1.388546254,8.491056083343524,231709482456.1533,209.3716820811237,50.34485822509274,1.0413558391716111
South America,2015,30.10986320539887,1.4017924159,8.717676387005765,168181350329.35904,187.54695436900457,50.19626111451789,1.0761122969822623
South America,2016,29.80772445934615,1.4214844938,8.788096180723958,185863163576.68088,197.9958913186214,50.07651364108199,1.0654492528581123
South America,2017,29.66403299497543,1.4360369765,8.731015640957798,196222517371.5197,207.0123669137148,49.906725215261815,1.0679138600307796
South America,2018,29.539648897612327,1.4481555072,8.224225449735144,178292268569.78745,192.9340767377225,49.774207040443095,1.07334182828491
South America,2019,29.459037068144287,1.4584212996,8.104121748115647,172385420959.25613,178.0931566226999,49.642412578345386,1.1004351843936226
South America,2020,29.460631244918545,1.4616013367,8.800861039307705,177028596628.92285,203.09757748346567,49.51524899365327,1.1169408069996083
South America,2021,29.405197309733826,1.4008625091,8.684391689994618,221510810346.87585,199.959327144846,49.38499813204837,1.1284928456439105
South America,2022,29.28704642839951,1.4116397888,7.883111772467507,238366588556.4792,170.67194734492853,49.26740886053463,1.09942789028933
South America,2023,,,7.713625749012806,261367190619.79025,,,
