Country Name,Country Code,Indicator Name,1960,1961,1962,1963,1964,1965,1966,1967,1968,1969,1970,1971,1972,1973,1974,1975,1976,1977,1978,1979,1980,1981,1982,1983,1984,1985,1986,1987,1988,1989,1990,1991,1992,1993,1994,1995,1996,1997,1998,1999,2000,2001,2002,2003,2004,2005,2006,2007,2008,2009,2010,2011,2012,2013,2014,2015,2016,2017,2018,2019,2020,2021,2022,2023
Africa,,"Agriculture, forestry, and fishing, value added (current US$)",5039079701.95147,5342556327.174843,5374348601.485703,5750808937.856503,6097494802.985632,8359605913.494285,8791882085.993256,9215525633.628893,9469989032.923368,10116544320.37947,11169345453.356129,12199307719.049942,13738770355.36611,17069410765.389978,19977239878.545097,22627700561.9926,23733033077.82513,27222877138.564934,29804153200.759872,32769566767.871605,35797127251.78503,59864226933.53002,57380971445.25935,51368217985.7515,50177762992.42159,51841389515.777374,55249463591.51378,62471087168.707886,66470360442.9862,67078640353.05295,79488987103.75412,87575406794.31926,67560242048.52309,69008240285.53873,76835649278.57416,100143911222.98862,119979735947.95486,127819547051.8872,135153825701.73102,92126422055.54218,91638766301.25902,93481319214.22786,113284530394.27808,124624969045.97514,134079799426.54443,153010059303.16724,181174319307.4365,214085719582.43167,261113218877.1157,263532612405.2196,283830426759.55115,301945844782.8964,320595320512.8554,343484418808.49493,363778619962.4539,346811382124.9629,325157377904.8516,327329694191.08307,347945431417.56165,371565708284.0907,394164918338.1178,418491726217.4252,450109202255.0701,444237088298.889
Africa,,Permanent cropland (% of land area),,2.268256263862123,2.290588425938648,2.307902040600025,2.3329439066409794,2.3757053744870675,2.3951840500254638,2.4155792092572845,2.426917243334025,2.4635479779393727,2.522908337426639,2.561324901964809,2.591988519951548,2.6446861030647675,2.6777066155079376,2.7231767367681807,2.7513409085791807,2.8016665782049475,2.868498296615687,2.874698251557567,2.8926701717349026,2.949776346633919,2.93962837122915,2.9879588869114064,3.032175229960042,3.0792204629426383,3.109379656000586,3.1748246781701583,3.195820504681916,3.188489990558946,3.157312211524531,3.1169942065131453,3.128753442546377,3.107046582210496,3.100586592148006,3.1129987493412874,3.164807052339241,3.179633792590614,3.2835729050879574,3.401493992206416,3.479319520590117,3.4745327234812104,3.5016474320858384,3.5284641678429165,3.580944263805598,3.607717889615536,3.655988069837398,3.657730158543608,3.699229189555307,3.730224917562202,3.703618993813441,3.789967171162042,3.717264709715644,3.755188338581399,3.8610260971965737,3.945555390528411,3.9500083197855047,4.016107170021193,4.116644409211561,4.1622469460666585,4.2205313409480985,4.308676505239135,4.330730299031665,
Africa,,Forest area (% of land area),,,,,,,,,,,,,,,,,,,,,,,,,,,,,,,33.05136430858825,32.90224496322975,32.75312561787125,31.93332086370705,31.78793135607941,31.64254186082997,31.49715235320233,31.35176284557468,31.20637333794704,31.0609838303194,30.91559432269175,30.77493972152253,30.6342851203533,30.49363051918408,30.278238639727263,30.137780850632865,29.997412854635293,29.85697166593043,29.71655797988508,29.57614021567425,29.434819134309148,29.306097387132848,28.49651637519448,28.365300541574022,28.23406711432367,28.102735761870097,27.96181611670266,27.825483552043185,27.684176528556268,27.540294926377943,27.39741406180271,27.253827564464952,27.110673367781164,
Africa,,Fertilizer consumption (kilograms per hectare of arable land),,13.319788909278934,14.274207483989736,15.763321767621411,16.54201623905075,16.29499038749122,13.928465220251685,15.573518088984642,15.310819434605058,16.248688362332018,17.937052010631085,19.14136260236983,21.58957449085364,19.06669748612898,19.34774453862321,19.54742985334934,48.39734109110874,50.48869586767707,55.8869102382824,66.17313513448677,51.52021202303391,28.38034806153299,48.61776631765151,38.80693007787138,27.035177832833643,28.73890499167893,31.12611670355668,32.24464524322373,29.636626946714745,29.20398431196194,28.432253124929566,29.10429481025361,27.17340221925511,27.84065923021486,25.84324015020795,28.40357326468752,30.11787708723408,28.823198210386465,28.303760809553783,28.892119516715663,30.592858095353105,28.583722407489297,31.168753547207743,28.65778922809061,32.004917506602446,33.59392789748422,30.814008158774488,31.719662302417884,29.15823247013157,28.48289266066108,29.293554272146835,38.87422522514779,40.47291647095252,38.94820314051636,40.14215199925918,46.58076574560192,43.14331719772813,48.47034769029224,43.97840977039772,50.20774981697369,44.131839428845495,44.351172111618034,43.98362476536826,
Africa,,Agricultural water withdrawal as % of total renewable water resources,,,,,,,,,,,0.238623646,0.2533330175,0.2680423885,0.28275176,3.552239324666667,3.562045572,3.699798110666667,3.8375506493333336,3.975303188,4.113055726333333,8.521100570166666,9.024520070166666,9.527939570166666,10.031359070333332,9.713998418285714,29.686854891583334,35.28088944541667,17.55471624003448,19.329716606633333,21.65115660896667,23.341988162666667,22.55328106275676,21.29254560917949,21.081441337179488,20.46562146255,20.267243793575,20.0917285055,19.91371715415,19.73570580265,19.09023035897561,18.149320289581397,18.656934226860468,18.76275713059091,19.136428245977275,19.473553885954544,19.82740840315909,20.26484649406818,20.687918135477272,21.216263085636363,21.57354592252273,22.02996626327273,22.459512104840908,23.45676476158696,23.61853249754348,23.79970641197826,23.967915586282608,23.696030162553196,23.631036464276598,23.9055510962766,24.047521846425536,24.254258628382978,24.176712911489364,24.171799091297878,
Africa,,Agricultural land (% of land area),,38.32946704365597,38.41096280836087,38.49999405062139,38.61142240838024,38.753538995796696,38.80188866790096,38.9485695028766,39.07982178393521,39.283135553653885,39.30692366312338,39.39214875660065,39.54693422249801,39.694639182899074,39.84968665430405,39.78698651454048,39.96243086422931,40.05588992261146,40.224018821201724,40.1899958106676,40.14517063541076,40.27148156837955,40.3792026247256,40.46001934886665,40.580343722584445,40.77386106540349,40.927656643960624,41.03072438451429,41.12785860182592,41.10178113433328,41.15708207244542,41.27773545391606,41.34907955850868,41.90130886303454,41.88162108756324,42.088800591737474,42.27641168629832,42.44285021451413,42.64764740949795,43.0269873116458,43.21339152576275,43.4321718391334,43.62303787423654,43.83838577812216,43.64743982018562,43.85315920261556,43.98671771870989,44.004523979307926,44.40748236890718,44.70166365471535,44.87889752585839,45.01588012809607,45.48980751067038,45.684699536063576,45.84426012667791,46.03376963059023,46.22005725457707,46.40082969350525,46.62901271569894,46.67497627593019,46.83737780528253,47.03332385266263,47.10698566263649,
Africa,,"Agriculture, forestry, and fishing, value added (% of GDP)",41.037114192255125,40.11299024261267,40.146120381882376,40.67923732933174,38.59969984219168,36.713013797087534,34.93123290600459,34.666379444675314,33.56556491055527,32.736498679763216,33.509945566036414,32.852359033222065,33.69370398367386,33.90848043997964,32.391562716376455,32.46864954430464,31.27993268002293,31.84306326799246,30.67947833774945,29.92409536538173,27.86000834458068,27.76483727202629,26.93735117547925,26.276999820477783,25.752032976694863,26.425956909309125,25.98657458916204,26.66983509539462,27.12854634977656,26.305982721456267,25.469334321414944,24.786505646277632,24.24399215679444,24.571876888112477,24.512519778744338,24.29197655795872,24.434147336655112,23.90619991413791,24.39476959684795,23.11472122942232,22.5600112190617,22.18205492507547,21.664953580511696,21.23984408744048,20.684909113362423,20.831496490226456,19.635897871660912,19.157250374832465,19.036188801945904,19.591219556513515,19.030523580562026,18.24632972526906,18.443609817289463,17.559978821144,17.36520431348989,17.555280140233595,17.62646413063943,17.88478906112242,17.448905452556325,17.156815777826615,18.101057789178636,17.751557627085226,17.681170946286922,17.48736385185787
Asia,,Forest area (% of land area),,,,,,,,,,,,,,,,,,,,,,,,,,,,,,,25.626273293222805,25.58843981920996,23.07065658519836,23.043014573036075,23.21707349703543,23.19021829489054,23.163761843133408,23.13690294209465,23.110423667405367,23.08474418892013,23.04646520411096,23.042583916929782,23.039522791475328,23.03037964895713,23.0912763922085,23.08367027892434,23.079369548562752,23.07878391141483,23.073813839521694,23.07342755821632,23.068651180851017,23.027456584834788,22.98418159564934,22.94356094820777,22.90180392895505,22.869371761235467,22.826632567633343,22.782919409379858,22.75294832386432,22.72157510560138,22.691245454938283,22.653938281711373,23.44891139001492,
Asia,,"Agriculture, forestry, and fishing, value added (current US$)",44167953292.41446,49141065429.567314,50033458412.65925,56532920362.19857,63266138892.40205,68074014518.20581,67567010795.47401,72631157396.25667,76103358627.88782,80969819455.23146,84163379594.68709,86008127065.23138,92629538327.00854,114360435598.87823,133397435986.1242,145047304118.36862,141078671063.8496,155754357050.37955,162145713932.30084,191183448936.40967,202134408803.727,215617052974.8618,223632521403.3029,257607757234.70987,266861166352.7568,278106059699.5673,293622322526.9094,297401903637.11145,321614784282.49426,327916220532.06195,365989713560.21313,337342559349.3592,351526946450.1538,338383771565.49365,477509792542.4221,539047594573.2939,574803732830.1626,554253690331.2574,531741341987.0143,549519737780.4439,561716097804.6091,542585964455.4304,560981817027.3325,612971818356.7489,695794905862.7087,745538136586.9594,814091701752.5253,985706315985.0125,1149627497597.6265,1207837045680.0264,1441502091153.0496,1670445774309.6038,1778871665110.7273,1860754298312.844,1932685697398.9111,1931005991489.2,1962597814240.6855,2062706991769.079,2112443945651.1863,2200966516308.7207,2342020048556.9736,2613427360025.017,2666818142361.6006,2595664308583.844
Asia,,Agricultural land (% of land area),,29.800204136382284,29.866961395939065,30.08531218349189,30.19594969473831,30.287165294780607,30.280470472400044,30.399624536789872,30.41736927454561,30.42122367141015,30.517525699587654,30.36708230265222,30.69670041184802,31.01138170782336,30.73441631216996,30.36495645124599,30.214076924500755,30.271972193904496,30.333849985043468,30.358209560911803,30.447096271436703,30.48462439216555,30.6423977331983,30.64680751811404,30.834535833056982,30.987215361904987,31.11694222230174,31.41688821802069,31.599471354045686,31.67130004737576,31.716207498270013,31.74848427248025,35.677361070795804,35.70696339326269,35.71649480595307,35.83915863987024,35.95936792898688,36.2092015329497,36.372190891950815,36.35659379548581,36.57033809419463,36.72570433648904,36.974344349193366,36.826870391106674,36.690236569073086,36.54262724278649,36.50455014543471,36.4434165440109,36.31551503718739,36.16188529560396,35.79546729555611,35.8681153664291,35.91347743088088,35.99735018482399,36.07045176815232,36.26591446507199,36.275064425707846,36.40554778894722,36.41986829997058,36.66649346194292,36.63813223588148,36.51685554855485,37.588551021247,
Asia,,Agricultural water withdrawal as % of total renewable water resources,,,,,,,,,,,70.168539326,70.08988764,70.011235955,69.93258427,69.853932584,32.066378303125,32.441128779625,32.815879256125,33.1906297325,33.565380208875,65.22885511675,68.18688625416667,71.14491739158332,74.10294852883332,77.06097966624999,80.00140653366667,83.06420005058334,71.45490809779999,73.60800195653333,75.76109581566668,68.82717777247369,71.4534739471,93.13332222173914,144.73649551637038,147.6776661102258,144.07836793045453,151.1955090741818,158.28833279815152,165.22315953566664,172.2972820400606,174.56179386108823,181.68672182867647,189.24355092091176,195.98626632555883,204.88256903623528,213.2393693732941,202.65756273847225,197.22934556945947,186.52018107830767,186.25899028120517,186.79301053230768,187.38350663558973,188.1223247174872,189.79270726635897,191.7227842363846,190.85748698635896,195.99250638766668,198.73271903915384,205.32911487310253,204.2149448835641,202.60404300033332,201.32060345641025,204.6524068694359,
Asia,,"Agriculture, forestry, and fishing, value added (% of GDP)",35.220903443012794,39.034270420408205,37.30804319622019,37.1406819554221,36.23021781736037,35.14474488179929,34.86092845092593,33.46260165376678,29.27516763681376,28.644630295645968,27.458687193904638,26.42022768831493,26.97613217397332,25.763370974317542,24.626422897167792,22.23252300569491,21.20499340679907,20.330083215432257,20.34134980323672,19.339425166885437,19.115432394972583,18.85306691673517,18.65011153537368,18.757769225810357,18.85579595622561,18.7481016067913,19.601151539555374,19.66771623395389,20.42232836640145,20.8201138511195,21.061953754824245,21.122396195627644,21.254969495332176,19.549014669424096,19.337200620891743,17.92347214819409,17.79676777861017,17.13504344388099,16.58967175734815,15.9085100489981,15.081328910262664,14.6806704434189,14.662134620010624,13.971059937650244,13.107444924623094,12.610424688038032,11.783940721443908,11.44187605796944,10.983026137252962,10.995417357333384,10.6358456271218,10.471665845472597,10.539853521326862,10.39995526633879,10.33557309840652,10.30588320334155,10.252094421750268,10.05923746464859,9.724045803226112,9.261215702845078,9.898616868264329,9.861824913522936,9.547004333218696,8.860084178052574
Asia,,Fertilizer consumption (kilograms per hectare of arable land),,82.30101743220128,68.45205054153072,62.43598702310335,61.479212837959565,65.34782736342908,67.82823146147436,71.4835149332344,88.93351291215768,89.16629176997756,85.93232407141005,112.53297843883814,98.15576052430504,103.24625121780709,110.11245315849666,109.30295581487285,120.33006225868004,126.76994740872289,142.73266461254124,185.78877557264724,169.99205804432145,165.86586822871894,172.4897718892201,179.95825525809835,197.96652824666725,204.68177553602388,219.69237950504987,198.41040676463265,219.26461128035524,304.0285378361422,338.8138683053661,332.7807504019229,305.45501757811166,296.7538427631308,277.1710486983329,276.42429826928486,237.7400554617029,214.38184129921385,280.5949119328529,269.7831796539172,232.339898145556,217.19334501109347,175.71563323849966,172.3386175937185,194.79929234146368,193.409156330536,213.1396158528635,220.5808343874364,224.98938700177965,177.5411358663822,230.09064661534703,217.84108510509245,231.71933479721488,234.65464416097475,244.61704385848088,235.21483517212388,226.65029799024407,226.4665352180517,227.76084846655297,218.19626978944063,248.99400090426388,250.256528832029,202.8115489097295,
Asia,,Permanent cropland (% of land area),,3.0392470290082154,3.0374167041607945,3.1071349539004967,3.16814737303863,3.194799165413207,3.197037604717551,3.243068143296116,3.279805590151612,3.296326134321242,3.2736275081945174,3.26485606929258,3.3055218695051085,3.4670857620768816,3.43375614958056,3.400760544758856,3.442767674123617,3.457973321612218,3.444183208118328,3.48141495665932,3.519293380305317,3.4475437897774723,3.526243988949026,3.555974752828099,3.5841289716397378,3.592134859611037,3.617163565187851,3.681640997456024,3.65398322737459,3.699089050925501,3.7549083512620207,3.752365314036841,3.414644042465921,3.421928126340216,3.461408128654202,3.457676698401308,3.4781235360800955,3.4938867984147404,3.5047240873202194,3.5668011512996887,3.6860433386964906,3.785229847587472,3.930642293809124,3.964789033065777,3.8847250291178734,3.785271343980348,3.67710214748929,3.728303714346513,3.759695413741116,3.675516160720852,3.522461575686349,3.606253797067551,3.654392746273889,3.7266474170660016,3.797254301936132,3.922202438516148,3.951792563473137,3.995974228924748,4.034594184015227,4.110614779044605,4.093856528558849,4.020725765061237,3.9184850272687046,
Europe,,Agricultural water withdrawal as % of total renewable water resources,,,,,,,,,,,3.171146276125,3.350079111875,3.5290119475000004,3.70794478325,3.886877619125,4.06581045475,4.079784048125,4.093757641375,4.107731234625001,4.121704827875,3.197943719909091,3.308295408454545,3.418647097,3.528998785636364,3.639350474090909,3.749702162636364,5.519515613333333,5.406288549083333,5.990272717615384,5.795062337307693,4.9021554463125,4.6237526064444445,4.39681270805,4.187339312523809,3.973802211090909,3.5530950878214287,3.966666610166667,3.970067821366667,3.9951858428,4.0162333269333335,3.890567853322581,3.7704065878125,3.5823877093437497,3.54504870621875,3.395691877125,3.321715452,3.203838996181818,3.262721209393939,3.367024802969697,3.2697824770909087,3.39394607039394,3.541730057939394,4.202209008060606,3.869589120060606,3.856371295212121,3.642165334242424,3.6656033316666665,3.821079265818182,3.7408559576666662,3.5171960189393943,3.541773799030303,3.467083926454545,3.3637258549696964,
Europe,,"Agriculture, forestry, and fishing, value added (% of GDP)",9.86965750039441,8.52624373687129,9.23619230083179,8.30741680317877,7.52258737212332,7.34294369176572,6.92871309549677,6.450513076662229,6.1603662590567705,5.853566015812301,5.486135241325238,5.313596941831812,5.439863635385204,5.458452530920249,5.039563732262704,5.487864287871914,5.369920826165854,5.072722964646482,4.764744545337384,4.468395393830919,5.545181110108863,5.72849103066278,5.883238089791898,5.391332250529624,5.5864988425790845,4.967211489492993,5.02630937337719,6.2707066258582405,6.011026611265725,7.084416947825528,8.503716296858409,7.7347152803677695,7.060805932056732,6.366630183238089,7.280112937320245,6.740389564283194,7.324103493266965,7.04592202814832,6.744278675734675,6.314200181697347,6.038418022478108,5.824674138171454,5.410474398613929,4.969921821764705,4.90041861711122,4.360976882565598,4.125763468316912,3.807085368045696,3.7560272843653504,3.63844509744491,3.913724193111341,4.011210602469991,3.7711974698047306,3.931605275602745,4.026299595061806,3.8483393515529953,3.7850940607713257,3.64320546372289,3.451723388042188,3.419352842093843,3.4823959164856237,3.4383386926183523,3.626223402803013,3.443654483874768
Europe,,Fertilizer consumption (kilograms per hectare of arable land),,128.34471638358798,139.32393871953903,151.15799100980598,159.93739664805034,167.02293832017412,177.68396495528972,198.9702621192786,211.25856436730544,224.86934044905087,237.7236439430547,246.73027921815964,260.43304840637734,275.8936343885796,252.6920745248501,267.71291905328394,275.3303933824425,291.4695547393651,308.59513790222525,309.8219577672707,299.66674326230014,296.50553940464835,302.7535470429838,319.708790414014,315.44491041675013,305.8714424875674,316.1672784800645,307.5217490582695,313.7280324634443,310.0996169536086,290.66986494974884,262.87450529165096,214.35775526803693,192.2769493071065,203.0426896693482,192.18406574527071,188.97046916682044,186.3536936812743,189.14119842306425,179.0908266984,175.03806629439862,172.4469950043062,172.01837290552783,175.64476065825534,174.87509065781484,170.97657064034368,168.51436219425088,173.67007997016924,157.33191255011644,143.69494901136554,158.1391381645155,159.31107569698318,161.3914176995255,169.78011795737515,170.7864917088855,173.31151924479678,175.12995807481337,323.7172035538945,423.4714422856324,174.29832151747928,182.73953879116232,184.52432496678207,150.71668120942846,
Europe,,Forest area (% of land area),,,,,,,,,,,,,,,,,,,,,,,,,,,,,,,24.145679717927173,24.225044748798695,28.13632132477353,28.62603620107772,28.703686421063995,28.781385114109465,28.857731371484483,28.93545569015823,29.013669649784653,29.09057461204723,29.1058991768607,29.180383690291595,29.26470475593712,29.337138073534334,29.41126919558272,29.486116725441622,30.133385511109434,30.24954117911639,30.36018268343472,30.464385353161287,30.5718633026401,30.63441105895346,30.69669627266506,30.72854370252396,30.78678438170468,30.849736149694916,30.894433361956736,30.957195702685617,30.97788983282903,30.996457061541545,31.044915912379448,31.064422059199245,31.776414909312425,
Europe,,Agricultural land (% of land area),,52.13588555126069,51.975001733096576,51.72462465354547,51.50875753798714,51.24659580548775,51.23106321441026,51.223137231568906,51.15262108257495,51.13956819697327,50.81769111385852,50.31226396670253,50.20779928782175,50.005973768527255,49.89451739308569,49.65206571350403,49.60847908649138,49.74633836552845,49.76195819030752,49.72685475043448,49.58470366696544,49.52684005420924,49.49813378945567,49.2835765958564,49.3163906305369,49.26799634733945,48.9840258222147,48.95272553617888,48.945528739761095,48.812365738553794,48.49320151234669,48.15345763542499,47.271547177762926,47.35251668687183,47.110270416580455,46.67027862447972,46.44823017960128,46.23670050554671,46.05102726644408,46.00161190726705,45.48071516731506,45.02091309397546,44.67624140805165,44.45723435657512,44.10386959411547,44.05786251146504,43.60322768400447,43.155529634887294,43.555378999126496,43.279209158063615,43.18214666617791,43.05851239610142,42.82027276096153,42.32908126633156,41.975414081573085,42.55100596463674,42.507930743913526,42.48486464613085,42.4471692911298,42.56837926081965,42.24872702547868,42.09558197100144,42.02387884344285,
Europe,,Permanent cropland (% of land area),,2.611061977320228,2.622845663158001,2.6607205029006344,2.6881598398715014,2.705061922846863,2.742560693512228,2.764026689485514,2.7688136468842,2.7999023897735027,2.8345337897604024,2.838160566817373,2.850505973709162,2.874380753645468,2.9028494949211714,2.9193434983180238,2.945781498447474,2.94209431239671,2.938189138688658,2.912918239576125,2.9084651583171013,2.900010018881699,2.8926836154569764,2.9102165651715466,2.901728018240475,2.889072811736761,2.86860148756835,2.853926424608232,2.8491301936302795,2.852154874768412,2.849520878206133,2.8211574010836054,2.682649244527614,2.5353322963532268,2.4983763190327357,2.451569000075507,2.422214107122468,2.409963471512984,2.419859810423449,2.409696163336548,2.2466349719812206,2.2089748119263395,2.153559644787224,2.15124297915995,2.13225490590815,2.1492477095963323,2.107196984385856,2.109080952852871,2.100492770725413,2.0918686460952656,2.0711545900338977,2.057119652285462,2.0780905293004173,2.044374959414314,2.0053581628978363,2.1025208008753085,2.102927393713497,2.113373605134569,2.065649227071374,2.082595401511907,2.054193281175971,2.024813252676078,2.0412134990038773,
Europe,,"Agriculture, forestry, and fishing, value added (current US$)",6095192439.27564,5696093205.11112,6916854671.99583,6974673054.49924,7001965956.43147,7381314972.15462,8606329563.936913,9166158646.182232,9612542519.36073,11635880946.099012,12617605681.969349,13173586374.945848,17406470371.8462,22746361370.93645,20969410485.6065,26640772111.068443,29331149138.376717,30683661502.767384,35935615369.224174,41769473778.6749,53115924323.5076,47750932042.79091,48887956568.80678,42516812807.96311,40852991927.98785,40549760592.72225,54482761686.29461,76520392756.69452,79687037884.37488,166437874768.68747,253751517237.34216,253114932657.8028,213843489158.37103,189052719765.4901,184263824051.1726,273771813693.16385,276028945476.6759,252903681875.64117,238295663774.57043,221376017962.01196,202844087994.6856,210318254431.7129,218268545492.5577,256216287458.23767,296858589584.6456,279344432745.678,289749005121.208,346611700972.0772,386023878917.97485,317048481601.1188,335562668925.3143,390265332124.15936,366173889362.6813,390638584970.965,397188643487.1786,323946517028.10547,318977964223.4049,356078676241.2598,367412494693.1232,365158063880.3537,365740809278.10114,420052523096.26776,438639529325.0916,440848149742.9715
North America,,Forest area (% of land area),,,,,,,,,,,,,,,,,,,,,,,,,,,,,,,39.569848459504655,39.50194263179539,39.43403680408611,39.36613097637682,39.29822514866755,39.23031932095827,39.162413493249005,39.09450418674782,39.02659835903855,38.958692531329255,38.890441315364114,38.84014425923639,38.79707373210475,38.74684475085408,38.6966129511297,38.64622549205377,38.59614089943758,38.54590064905801,38.497455443759854,38.447295915513465,38.39713638726709,36.80867792786511,36.79605580184227,36.8021544049526,36.79510207212568,36.78041824965,36.76486688180804,36.734324612766486,36.71158429680752,36.67059508104317,36.63858905182724,36.6221226370386,36.58743029673519,
North America,,"Agriculture, forestry, and fishing, value added (current US$)",411240219.647641,252428696.729269,261007537.48063895,476281199.530834,482506266.071187,4326034998.113208,4481241142.16876,4697666587.879384,4877240249.056604,5128795594.339623,7113168432.075472,7751897224.622516,8324585026.524058,10400220319.80893,12958793894.204384,15158865111.852043,15474338327.42331,15820768361.16221,19134116780.966988,21841660917.179268,23337128531.98209,26923263017.665943,20216130353.127537,19974026731.976814,23323387396.910866,22785388341.707268,19684197699.29199,19618378995.512817,23403716561.71038,26020599096.022774,29269463334.50315,32407722617.13113,33691149065.802338,37267214702.60456,37624585188.9015,30073636785.97814,34151132190.909344,166294354796.62384,161533718159.1408,162809087589.89468,172644128916.01852,174700446756.9429,160801297736.3186,185373779742.0375,217951970920.90463,215976299351.00256,209286402614.7782,232119667597.20087,239509142792.5391,210879515522.75592,236365678659.5464,281319318153.63763,284882056629.526,324686077485.5407,304036070344.7506,284352942322.5775,271369471845.2228,286930472286.4054,288513135156.7568,284520465355.275,304463900421.0428,306063674023.8203,92623992086.93254,106958929278.1062
North America,,Agricultural land (% of land area),,30.54067256736702,30.50171638623031,30.94692235522973,31.376219671392764,31.376688282654783,31.842479225029564,31.79748410929023,31.81767323427589,31.69664931155763,31.494567432193072,31.669188411951563,31.40044329558945,31.52364355503312,31.50484782256299,31.628966783841243,31.80340353951562,32.047513235400295,32.09022713190807,32.2363121139288,32.5863561451835,32.56267254882642,32.4997545985031,32.45737784748483,32.60757089332983,32.23848167427251,32.24511448368556,32.08908992659415,32.11112960673277,32.048915328221526,31.53711124922804,31.39403842211248,31.334262743803404,31.108422893317627,30.6999550819792,30.4346820605588,30.133314166946917,30.056490253357897,29.907537174995035,29.77423186414296,29.57825206225525,29.613154844443805,29.236940993734063,29.06922282146232,28.774943318413943,28.06021748168292,27.72369974446698,27.749908569277988,27.54848757410839,27.74479616404283,27.88768252741772,27.85553541673916,27.573793136341056,27.553163499675083,27.472250639806056,27.484293684436,27.395717138841785,27.33322762705852,27.21912095616325,27.006554120555965,27.03825715715408,27.06118569073158,27.03672926015507,
North America,,Agricultural water withdrawal as % of total renewable water resources,,,,,,,,,,,,,,,,,,,,,,,,,,,,0.082819545,0.084353241,34.292943468,18.35403283925,13.438498126833336,9.357532473666666,9.126982668,11.146476557666666,11.147394133615384,10.920039353307692,9.3669858878,8.640870241875,8.444370640375,8.2559762361875,8.2168676095,8.296654293,8.3399061455,8.3811440079375,8.430500721625,8.49218087975,8.5012348499375,8.6854806634375,8.7901298206875,7.895532913555556,8.01637078011111,7.807471340473684,7.900432200052632,8.011438257421053,8.028294774526316,8.005268954947368,7.993012953368422,7.987879658263158,7.976182964578947,7.963987293526316,7.983012211210527,8.166976400052633,
North America,,"Agriculture, forestry, and fishing, value added (% of GDP)",23.28675488157784,30.56366550180985,30.611707638829294,22.622874955459185,22.16953801224388,24.658866978547533,21.5815500216081,20.981298713301268,20.69075786490031,20.178406787631488,18.772801427967305,18.224467786744103,17.820115826103983,17.961417821338728,17.35266923994442,16.47418417379527,16.3551753783902,15.998297749008136,16.799630080823917,16.08153006487806,14.772768090463664,14.410791398414377,13.717167515886947,13.144194511323803,12.176624715916695,11.483929231732311,12.109700185565227,11.323288716943424,13.244582446650384,11.8658425702096,11.594732336019678,11.137246902431356,10.915690591152412,9.909318853816035,10.162231674087138,9.224518857651285,8.573890961140972,7.764820534890561,7.455522666606408,6.987046198401298,6.217677191837953,5.646940850014956,5.487029922407037,5.876545125150831,5.74011897603774,5.696933433031284,5.3456722852982566,5.269424886952675,5.266097287538272,5.198165045084076,5.106777532615082,5.305458067468524,5.28193361246117,5.179618774426218,5.213405120542768,5.187837231814461,5.209859126889167,5.315848457296831,5.102981595211297,5.081372879540141,5.797622144985267,5.622692042741666,5.204583205328431,5.8741812257283
North America,,Fertilizer consumption (kilograms per hectare of arable land),,61.156415547182334,74.10512254518576,79.30385669401629,89.93061663329838,85.5982070899873,97.03532039395138,110.09442771820504,129.50291386914597,141.7898878041317,155.92252886726016,145.29895785810413,189.00422747655145,210.34181916182547,214.90149359944323,180.896421093109,236.16280990653175,238.0721688432644,230.20377726376935,208.0467206044709,211.46467585277185,216.392259887246,202.8919189332112,214.99222165939264,240.05815883754752,200.6509020207774,210.1035764205424,231.68960406214836,237.0956748201897,307.6932970374374,261.0952845741363,307.28775103705834,253.2310603741892,238.40396528962103,231.0726625261773,227.49991500042748,239.42383448298744,259.17664400318824,288.0754182775883,299.7862634089015,298.05110497186536,234.050258973933,114.02509026582403,138.6213328422353,119.34396723979418,118.80968652407044,118.88874620144206,122.51520314671426,104.5440835147233,77.92087182927845,102.50975621549576,130.1545593929056,135.75192905084282,137.0867212127843,143.86736106152827,149.57542218540684,142.5306578699833,144.37005023442768,162.58885130031064,162.73492508716978,136.9845426756907,128.51648041657003,109.1652837989693,
North America,,Permanent cropland (% of land area),,6.57875018572531,6.58865582519025,6.78403810928784,6.7888730346786215,6.787043119601437,6.903414597520247,6.9651782611439526,6.970439664374927,6.998951756410554,7.013341062048867,6.946987836708153,6.972239254250753,6.993213573384839,6.983952953850507,6.98243384615422,7.016510369746612,7.024514028332377,7.0314477734820935,7.187758474290758,7.379015796767034,7.439793924842096,7.317351607821262,7.416096193114734,7.326675683877199,7.169580531954198,7.147363107486969,7.108706599838346,7.064576211899338,7.031871706480366,6.850769131987419,6.763259510158808,6.738490581303789,6.7542504620285895,6.648577421936919,6.554078279985169,6.463589234214952,6.4486719809085775,6.303416349178646,6.401390683841055,6.330176257484875,6.265027454949633,6.156900343502946,5.99620480384434,6.009300584843322,5.630874381003866,5.626869933910959,5.673744535433018,5.617642255748023,5.647032876067647,5.692995008331976,5.7515876270737545,5.436246402782966,5.536673993937163,5.54011700163503,5.579735669270153,5.59740972644214,5.568458723909062,5.426670992596671,5.400049112452553,5.380151461813475,5.257202422759792,5.291473265069425,
Oceania,,Permanent cropland (% of land area),,13.20853892476716,13.117467625048882,13.585597995792604,13.59352818007248,14.072002497623108,14.163266665470044,13.754602294230308,13.796221620119336,13.79756760471034,13.73312062931868,13.734037210500835,13.742017147592968,13.744026055283063,13.746684558792904,13.77560532500446,13.851949939712208,13.900068645618504,13.901376202481703,14.077938083152196,14.171037049727287,14.489145737961955,14.492643409055471,14.401080920341274,14.49067516448255,14.503812217912875,14.521895185587196,14.46877828704607,14.488139341382212,13.835160690878087,13.82871093067725,14.89501286286757,14.906668050228433,14.794192522834145,14.772576095300442,14.87621308861397,14.892531571670103,14.827675191758932,14.65233662572318,14.65567794766688,14.592871992228975,14.081618413160207,14.125344450577694,14.105276950454884,14.0978727579108,14.104476168372562,14.105438555699209,14.192959627958036,14.174031190712006,14.076936953643091,14.113495884899402,14.163665494692998,13.898067989142918,13.7791363979192,13.806554055564968,13.741624554942687,13.767179435568764,13.831323657747086,13.755307826646884,13.693036596322026,13.707159514928495,13.125255925465504,13.12483394714675,
Oceania,,Forest area (% of land area),,,,,,,,,,,,,,,,,,,,,,,,,,,,,,,42.74789666567405,49.50198066663452,49.51610640506353,49.5302321551146,49.54435789354362,49.55848363197264,49.57260938202372,49.58673512045274,49.60086085888176,49.61498659731078,49.745429874392784,49.73987306785125,49.734316261309736,49.72875945476821,49.72320264822668,49.71764584168515,49.71208903514362,49.70653222860209,49.70097542206056,49.69541861551903,49.689861808977504,49.7041898102981,49.71851781161869,49.73284582456133,49.74717382588192,49.7615018272025,49.48156904663702,49.54508537378253,49.555117684986726,49.56530329118689,49.578826967982266,49.59012527104365,49.60290715659436,
Oceania,,"Agriculture, forestry, and fishing, value added (% of GDP)",,49.0393412625801,47.3842195540309,40.93727891758045,37.77839430583195,35.94812195480745,35.20377138779345,34.245757996614,34.6480729007326,33.08442418705765,31.154689994973,22.48666634927943,22.52821060219457,20.827810573792966,19.856135352751323,26.37573564104543,26.50893813472268,25.46645486835071,25.195101295011916,23.59057214542928,21.09895455437503,20.75603116132223,19.56071785381454,25.525678568775746,23.149775730563565,21.581705735962075,20.26298234556744,19.63817893403085,20.1005202698218,19.427891452016866,16.41906993622469,18.15994859196507,20.873657979880008,21.026870797965163,19.65003559557064,19.08177287338561,18.7365618849705,17.786143968877983,17.57458072192492,17.21094975802834,15.492850026249462,15.301720488471489,15.595416830939046,15.875697785268512,15.92812073005332,12.921230287149696,13.4014594790077,13.588447127044084,13.539943093533406,13.919856435023773,14.032060410592,14.404207716331948,14.414590566842914,14.240833408495288,13.666048069192032,13.235369176948987,13.793301062936129,14.377060802530606,14.586813379762516,13.381787139116335,15.817550255599569,16.162605811803697,16.6050026048106,12.45286237526108
Oceania,,Agricultural water withdrawal as % of total renewable water resources,,,,,,,,,,,,,,,,,,,,,,,,,,0.255657492,0.26757536,0.171270257,0.1815401165,0.191809976,0.2020798355,0.212349695,0.2226195544999999,0.9791078476666666,1.157363635,1.070714273,1.22593483,1.226412839,1.2268908486666668,1.2273688576666666,0.9336580165,0.94458926975,0.9248548725,0.90512047525,0.88538607825,0.865651681,0.8187853785,0.763605948,0.7084265175,0.653247087,0.66293046125,0.66247314425,0.7761418435,0.94804225,0.8890991605,0.766639811,0.85556257525,0.9033660305,0.930650323,0.8199934695,0.716843063,0.83981054275,0.8575950955,
Oceania,,Fertilizer consumption (kilograms per hectare of arable land),,207.89983329418257,210.54485757936223,255.0793844385973,341.4058855005843,335.5470598067796,304.147558538594,269.8180267512213,313.92614585677893,333.84197225453715,338.3994523331358,367.3345935500666,419.6936990209377,413.8913297402952,323.7436253559475,262.5096867337726,266.4748370758629,284.9817243715995,318.30354005815553,308.0748893168047,286.3057818689818,273.4481900660034,271.19095129090755,283.02770340467083,332.29580208632603,246.0984148329225,262.9932139110624,295.44953279140844,284.4785642840469,314.3841169347958,304.93737760374626,316.1392936355072,372.800340424573,425.0845733548593,416.063547030401,433.03224614085457,422.6493643392824,418.1294739206372,401.33503635415326,431.07416730846927,460.0062646167175,489.8870586335575,280.97234548381886,311.6295381162481,301.152234825972,307.6914713774496,316.78635274054926,308.2421027919134,286.73402301801576,223.3392217176597,242.89483461476385,271.43574446197374,176.63049531400205,164.54997726826423,169.26541337059513,180.3593287127118,179.97794005175186,211.75776993791055,183.36136343071195,177.13168219223792,181.83746109046504,176.24888017737513,199.12107529185155,
Oceania,,"Agriculture, forestry, and fishing, value added (current US$)",0.0,120064019.210243,123760019.801603,170506293.2122497,176135862.6207252,187714791.3188399,205400625.7579097,228503135.4638962,252181685.41949192,274869321.4173349,295272257.5932114,1203432496.1681445,1606988674.6498437,1985315348.36602,1689799571.831216,1853587575.9323485,2122328634.499093,2168635280.767138,2542939302.10214,3393405754.5864444,3445477193.495591,3183250557.664128,2767780536.162741,2927113377.189514,2983019851.10948,2865012352.014471,2971090248.905624,3702256950.662841,4272413667.236136,4268528690.729017,17241218395.630405,14877859954.275837,14470531296.224928,15696190650.561356,17081168800.999945,17764714692.819893,20791393361.77047,20834671240.988,17608805119.678635,17721706145.693497,19085360190.2494,19242503870.925037,21292308845.71492,20684491282.30192,26689357024.14997,26358226274.762264,28865413183.734978,30295510481.48383,35038837371.17499,32046440242.874577,39030246645.63882,47555199236.44542,50512284508.42278,55271548665.86115,48062696877.620445,45472832334.75752,45060862067.57887,54088898166.5733,53107705544.89975,47622126851.1993,44885669769.19099,57068848164.71834,52109165829.58895,50586883556.04614
Oceania,,Agricultural land (% of land area),,25.903928097796275,26.06136819484713,26.64509660329966,26.682093925785697,27.272904188794985,27.366920844167005,26.976882830079145,27.208014694562653,27.34042140399875,27.14815492188662,27.21592757993643,27.450123855747982,27.45347069272103,27.588579916913968,27.777390339246157,27.954381624021508,27.94806384673027,28.086579031845574,28.260141900003408,28.44164552232259,28.96340288784585,28.85158099911213,28.786939410395977,28.952624606960583,28.95939186332126,28.81831881033715,28.77651014425272,28.81984980731181,28.158937551550835,28.14441441497596,26.07657895836819,26.04288742826493,25.845182816806496,25.85915873952125,25.88462856728257,25.874909070734315,25.682669638286622,25.37501081057601,25.28091093280882,25.17751288169245,24.632192214486693,24.55898517049265,24.426642674437225,24.06930245348964,24.11554186860906,24.07504597234216,23.91013009849569,23.77659371362963,23.64227999760871,23.691620317617843,23.945404070785788,23.74432022878062,23.59851409111086,23.823546045231684,23.700768897618094,23.52222249884124,23.657974908177447,23.201783291524336,23.092538904636054,23.028104517816278,23.093184073341572,23.007633521560507,
Other,,Fertilizer consumption (kilograms per hectare of arable land),,18.057499334098072,19.737611060569535,20.99135109249333,21.90250628809934,23.435353342921594,24.936557880410227,27.651871142419665,29.61828633168801,31.251208832474795,34.179819694881104,37.41874226779022,40.2429493815276,43.984896040518905,42.49350054870321,44.981727454056745,47.83290357078882,50.989438957426295,54.38820991269093,57.47870789284333,60.826985271307386,60.562909824938814,60.76441578835785,63.29793873073479,65.19593587627001,64.30381396112355,67.5322338300967,68.61443177901803,71.53518385417759,71.61871173400802,69.45969081024752,68.89695971526739,67.56568398738932,65.49564026663609,65.94041079034987,67.85680606929971,70.92090108009619,73.03039355108189,73.55015201101557,74.99011732986867,73.84796060182202,75.0685269540666,86.64907272960659,88.31487076610591,95.4021337383624,94.25638570343328,95.12047636464791,101.64079931457202,95.22163984603512,92.10446516479855,101.60908752175024,107.74673441537873,103.08316295067394,107.3856517627908,110.24840367130768,108.18455137741444,109.83291563265254,114.30135980020216,113.6062080709422,112.46562059480372,119.42732508065286,117.68544573174248,108.20360790447448,
Other,,Forest area (% of land area),,,,,,,,,,,,,,,,,,,,,,,,,,,,,,,33.04324149054515,32.99387745425871,32.95705062865355,32.70459652263689,32.67703778791858,32.62115520246613,32.56486192566179,32.50539080634209,32.45542781233032,32.398390884061584,32.32357133125323,32.28245970365158,32.242416669880825,32.19951056186369,32.10751440581007,32.0659148265022,32.05559145721738,32.01665931196476,31.97952210585296,31.940063574923943,31.900078471614066,31.4410171911121,30.90375468526949,30.85434707945508,30.80963209022384,30.764193535637187,30.720856356103976,30.67145319722088,30.620869120921306,30.571228510538976,30.52317690719192,30.488456067885057,30.94684569412204,
Other,,Permanent cropland (% of land area),,0.9150174592594654,0.931721304599496,0.9338771473123608,0.945030647438932,0.9529581612309715,0.9572503933635512,0.9561240567860796,0.9728907212016944,0.9842134541330332,1.0077968754870432,1.0182566210069317,1.0295403940532242,1.0478308908882457,1.057204608157968,1.082195410616409,1.0950386847812927,1.111516243602582,1.127280186096954,1.1443885869736143,1.16596700729552,1.1878732894251138,1.2018263761939352,1.22131107448473,1.2451505697282448,1.271348479811594,1.3010452736306948,1.3357547398381069,1.3647753244380656,1.3635557987830196,1.3935031297793918,1.4016568793122577,1.3233050618899869,1.340111797142601,1.350933187166397,1.3691716550529345,1.3850471223029577,1.4002863059893278,1.415600653514414,1.4423525740561094,1.4560282158457087,1.468053637492478,1.4796411100478433,1.494792329645796,1.5202072773847377,1.5492325189685598,1.570150985697494,1.5995571103345425,1.6184095670430043,1.6452828826860362,1.67277016899361,1.693593564437681,1.6901522248260317,1.706339456268476,1.727405532121053,1.7563291980364577,1.759739065147805,1.7971803037743732,1.834400405964513,1.858080982132402,1.8776876650614345,1.9007158455260973,1.9084363529821788,
Other,,"Agriculture, forestry, and fishing, value added (% of GDP)",30.51604010602108,34.90653492123968,34.88237153708122,35.451221414580495,35.07765489170069,32.49806251576225,31.50272633326594,32.29215222900278,29.80435477242277,28.245226419347706,27.124250797596293,26.149141175987268,25.481519249262952,25.05883824600555,23.260354773025263,22.665790100032783,20.734356367089504,20.00129808423227,19.13914368755819,18.99748353664903,17.781414113201127,16.588538060466327,16.439716238893876,17.089590705711604,17.57733987318085,17.556629385830554,18.68668723164453,18.8601898319431,19.3472423658007,18.987955885800744,18.405292534486488,18.627166265639055,16.88541241858183,16.17187655311441,16.274623860702913,14.529618763084011,14.374122732923311,13.62032277110445,13.65128818925803,12.454709563179556,11.951962764180848,11.809688729631436,12.400951162402484,11.995955180970226,11.34211269695288,10.84840528768948,10.632418770430483,10.618394345690378,10.75005873123407,10.93789679156623,10.582457002915037,9.97176423838137,10.057088463015784,9.924588113790447,10.090132948213004,10.323570179315642,10.091471804718944,9.829219947292934,9.563673458662796,9.659255426583336,10.497645926909618,10.015766422438208,10.218228632957942,10.571990636743116
Other,,"Agriculture, forestry, and fishing, value added (current US$)",610548989253.5918,696040549357.0814,704527004228.1097,782524191437.9293,876678560837.8591,1032457843961.4916,1028887826957.337,1086354549990.1628,1135593110135.7122,1200900972518.1255,1260746778532.525,1309223821233.411,1422618714178.0845,1780293445198.5662,2059149839884.6729,2189090228642.7664,2163207351135.4707,2381063016632.981,2448213105108.3115,2859839941957.551,3099859387750.5977,4939874145604.025,4771059375564.789,4918672845368.309,5107574922991.869,5226117209637.729,5433417136146.855,5581582314480.306,6044421873836.777,6356737147057.896,7485853501310.408,7273040036238.282,6732842961849.5,6568738811855.8125,7247504928097.32,9524225082800.87,10268670814530.15,10746688619511.66,10512226810328.969,9629840080687.666,9604127546783.516,9522880436571.06,9927571532342.031,11063536559824.44,12590717593437.148,13371162693795.16,14616498865084.686,17581490938382.889,20555707771863.867,20313466225906.555,23566550836611.543,27087068430378.395,28121203677971.94,29845859210827.062,30759001324183.062,29672289434320.09,29694454838951.902,31210684790455.586,31905480109401.266,33051016927379.39,34863974838581.49,39036801580728.75,39642706770467.625,38117755245696.1
Other,,Agricultural land (% of land area),,34.844080867521846,34.91202569474765,35.0049591162453,35.06272086328457,35.13144833911183,35.196276330589974,35.24959226902774,35.39607679891299,35.457584389088495,35.448528870458524,35.516620602173504,35.63760177352463,35.71067616037839,35.742992195720205,35.77672159319052,35.79046473583583,35.872280991870205,35.998488760189936,36.098622262878855,36.17165629220512,36.19310033746664,36.26750102047311,36.29262466157577,36.525448680941615,36.728462660691626,36.78369018314502,36.952285128735504,37.01578337631766,37.11057272418895,37.20024495243437,37.28636121497945,36.650083395023465,36.67166181699177,36.79414587230203,36.81344997775463,36.8662934064443,36.96664865916926,37.03568338098724,37.08949279661432,37.07285157597395,37.00878424660088,36.92861063825183,36.85123855886067,36.67921868710674,36.702940347624846,36.80037112593647,36.75433861792367,36.70862062923511,36.80071550634784,36.88286573428517,37.030463986403326,37.6020154312136,37.57811195858518,37.58105331755255,37.54780686206989,37.54714259978769,37.647223021067326,37.55983295112119,37.60070686761206,37.577654717747535,37.61153172985813,37.522332197041024,
Other,,Agricultural water withdrawal as % of total renewable water resources,,,,,,,,,,,,,,,,,,,,,,,,,,,,,,,,,,,,,,,,,,,,,13.037127206,13.037127206,13.037127206,13.037127206,13.037127206,13.037127206,13.037127206,13.037127206,13.037127206,13.037127206,13.037127206,13.037127206,13.037127206,13.037127206,13.037127206,13.037127206,13.037127206,13.037127206,13.037127206,
South America,,"Agriculture, forestry, and fishing, value added (current US$)",1667907492.3297515,1694249115.897974,1839500967.49884,1883065819.020564,2152035569.6125083,7570518695.032064,6944607934.728559,6589315464.2985325,7311805855.142001,7930551531.803829,8654752119.997498,9683469604.000826,10502731402.533758,14240004552.229149,17300874730.613136,14077514190.37976,15648694266.386662,20477040336.150654,20793564887.84329,21448519899.48329,21717686878.74496,53648727099.600845,41473128770.33277,46857550978.18794,49654964385.87177,46874987446.194336,52094764353.4842,52422972460.86126,59977635411.66555,59626850821.33545,63285221785.26361,60498085568.69857,62646033415.01365,64865843340.33273,90989237436.20776,88697013689.67032,89875004306.85281,93382202403.61185,92761719644.13562,71627723353.97116,71572092733.81595,65469796279.15332,62464418310.79853,72891733320.54272,80630630244.7009,91043768633.58168,103629150787.08089,129745152085.45972,161741158885.77893,154934599218.58957,193683814678.75537,227303707736.04996,213844017065.327,227615235712.752,231709482456.1533,168181350329.35904,185863163576.68088,196222517371.51974,178292268569.78745,172385420959.25613,177028596628.92285,221510810346.87585,238366588556.4792,261367190619.79025
South America,,Forest area (% of land area),,,,,,,,,,,,,,,,,,,,,,,,,,,,,,,53.87167150819014,53.7056264943673,53.53958148054446,53.37353646672162,53.20749145289878,53.04144643907593,52.87540142525308,52.70935641143024,53.023488741613086,52.85433118641521,52.68517363121735,52.51058093483482,52.33598823845231,52.16139554206979,51.98680284568727,51.812210149304754,51.63761745292224,51.46302475653971,51.2884320601572,51.11383936377468,50.93924666739216,50.79064955681731,50.64205244624244,50.49345533566759,50.34485822509274,50.19626111451789,50.07651364108199,49.906725215261815,49.774207040443095,49.642412578345386,49.51524899365327,49.38499813204837,49.26740886053463,
South America,,Agricultural land (% of land area),,27.489755211372657,27.55681149899961,27.60530795733709,27.664067816839392,27.7375851973337,27.768940636909026,27.7889840239134,27.80952279059299,27.840107482675872,27.88145980747927,28.157736009564847,28.32418240671401,28.433962297340717,28.641876492333317,28.862517996337115,29.073321179695043,29.287828018568053,29.398907259900028,29.56646937412673,29.732585577848123,29.89584909347778,29.978129964746184,30.053475135416463,30.197679918696224,30.31406751833347,30.433499587513925,30.468091652572017,30.4829103195624,30.50602501340961,30.567632912427552,30.588264468298732,30.581610881697618,30.589396257591844,30.6586982308446,30.661113751665614,30.664410336298687,30.710783872743647,31.10016982382835,31.149140800968222,31.122404502497577,30.833499187988817,30.790707280718667,30.708943701286444,30.87274378695772,30.93208048616728,30.849248677219844,30.81039108491097,30.835792670556906,30.81415166999604,30.67075428429009,30.58141986461298,30.54035963252386,30.70442784304974,30.013097713221477,30.10986320539887,29.80772445934615,29.66403299497543,29.539648897612327,29.459037068144287,29.460631244918545,29.405197309733826,29.28704642839951,
South America,,Agricultural water withdrawal as % of total renewable water resources,,,,,,0.343495935,0.386278414,0.429060893,0.471843371,0.51462585,0.557408329,0.600190808,0.642973287,0.685755766,0.728538245,0.771320723,0.814103202,0.856885681,0.89966816,0.942450639,0.985233118,1.028015596,1.070798075,1.113580554,1.156363033,1.199145512,1.241927991,0.5951154853333334,0.614911858,0.6347082313333333,0.6545046046666666,0.6743009776666667,0.8921532266666667,0.9166763348333332,0.9411994428333332,1.178611921,0.9926700186666666,1.0096015427777778,1.0276253458888889,1.0456491487777777,1.1398553852,1.1549857526,1.1701161196999998,1.185246487,1.2003768543,1.2155072217,1.2306375889,1.2433414764,1.2560453638,1.2940912239,1.332137084,1.3523965676,1.3659285744,1.3782466092,1.388546254,1.4017924159,1.4214844938,1.4360369765,1.4481555072,1.4584212996,1.4616013367,1.4008625091,1.4116397888,
South America,,"Agriculture, forestry, and fishing, value added (% of GDP)",16.05410861821375,16.07223976604858,18.83806647241233,18.66410640077387,17.92450842971254,18.21330947511009,17.039920948021297,16.695945947778796,15.440793685886316,14.865426077885097,15.05345491059179,15.236968303390434,15.271373475887907,15.42165102759468,15.92447134325588,15.684857934817249,14.770051274864146,15.94383408568465,13.704625142838204,13.128091181372096,12.918532842716957,13.653577556061446,13.195227448505104,13.726481864462135,14.503407232030732,14.235138034173591,14.148242894805788,14.499985216969431,14.163047572929491,14.79060049528854,14.13650817659786,13.63874174417439,13.649410986319028,13.839733965822296,13.932133267243357,13.594910916611012,12.88579782816977,12.177102207947604,11.331728294201332,11.176992525476797,9.88014411681356,9.4496865846366,9.845236076100193,10.355216067883068,9.940862875275355,9.114410605999185,9.651777346519752,9.356230240442471,9.529464207529148,9.172428449067064,9.182634126132262,8.990929802322723,8.279163629937456,8.545125990349035,8.491056083343524,8.717676387005765,8.788096180723958,8.731015640957798,8.224225449735144,8.104121748115647,8.800861039307705,8.684391689994618,7.883111772467507,7.713625749012806
South America,,Fertilizer consumption (kilograms per hectare of arable land),,13.247671353626655,15.67533674410493,17.868967016402575,17.45366070678573,17.74627696041324,18.316944491498308,22.49304310986549,24.83313560977858,24.439160679503065,27.964589593567226,32.724616218724215,37.98601448195115,40.71169005915593,42.56313761127961,32.36609044057696,42.518038353604446,43.17131305833647,44.0298612834901,43.7353444385576,41.02422484053566,44.21450952078657,45.38375872182068,46.44321429745512,58.83321806150561,61.52692875617629,71.41094875332877,73.5049513557957,63.99436445964621,61.31027231524085,58.66941788735402,61.04603772867282,63.31190451625374,69.09691602232105,69.66400495559485,75.12570978267973,90.68505416914228,96.09568784774058,96.9063314065384,95.06583966679976,99.02883939192162,113.45384919739551,111.02421783108548,124.73441881820165,149.11912818613538,131.0486651103653,154.33068118084603,159.53703690430487,186.63435914820232,133.29944125638306,174.70642320566037,182.24972369964487,181.44529433415164,194.64300858547344,209.3716820811237,187.54695436900457,197.9958913186214,207.0123669137148,192.9340767377225,178.0931566226999,203.09757748346567,199.959327144846,170.67194734492853,
South America,,Permanent cropland (% of land area),,0.6100392324778979,0.6108494028937106,0.611935173150376,0.6139625942676087,0.6145079545122429,0.6151620471605399,0.6175389734251099,0.6199706774677055,0.6238179511310387,0.6263743303407835,0.6324565318023455,0.6350896876875901,0.6406860362165857,0.6477224477886261,0.6541935897015071,0.6627402001763532,0.6733593784075488,0.6853620088239826,0.697605016221579,0.7085511762454005,0.7187549426074701,0.7351918546599826,0.752958147545718,0.7705256358815488,0.7829330148166037,0.797131864763375,0.8118265426619099,0.8195712697220605,0.8400758505480316,0.859746935816705,0.8761068541032456,0.8922463526218561,0.9034806427897748,0.9104670605678998,0.9139983673231844,0.8840984802600788,0.8980778199043119,0.9582824348730368,0.9590615791794114,0.9570566298844652,0.9421053610913392,0.9309639858575162,0.9140937983727916,0.9443092829591524,0.9449136677881912,0.95049937008258,0.9536080953111408,0.9586710697839546,0.9837076029458088,1.0077172532301846,1.0018097785071645,1.0076603635428156,1.0510857001793317,1.0413558391716111,1.0761122969822623,1.0654492528581123,1.0679138600307796,1.07334182828491,1.1004351843936226,1.1169408069996083,1.1284928456439105,1.09942789028933,
